Date,Home/Away,Opponent,Atlanta Score,Opponent Score,Win/Loss,Overtime?,Location,Venue,Attendance
1966-08-01,H,Philadelphia Eagles,7,9,L,,"Atlanta, GA",Atlanta-Fulton County Stadium,20072
1966-08-06,A,St. Louis Cardinals,10,20,L,,"St. Louis, MO",Busch Memorial Stadium,34304
1966-08-13,N,New York Giants,7,14,L,,"Nashville, TN",Dudley Field,20945
1966-08-20,H,Cleveland Browns,3,42,L,,"Atlanta, GA",Atlanta-Fulton County Stadium,48548
1966-08-27,N,San Francisco 49ers,24,17,W,,"Columbia, SC",Williams-Brice Stadium,21780
1966-09-11,H,Los Angeles Rams,14,19,L,,"Atlanta, GA",Atlanta-Fulton County Stadium,54418
1966-09-18,A,Philadelphia Eagles,10,23,L,,"Philadelphia, PA",Franklin Field,54049
1966-09-25,A,Detroit Lions,10,28,L,,"Detroit, MI",Tiger Stadium,47615
1966-10-02,H,Dallas Cowboys,14,47,L,,"Atlanta, GA",Atlanta-Fulton County Stadium,56990
1966-10-09,A,Washington Redskins,20,33,L,,"Washington, DC",D.C. Stadium,50116
1966-10-16,H,San Francisco 49ers,7,44,L,,"Atlanta, GA",Atlanta-Fulton County Stadium,54788
1966-10-23,A,Green Bay Packers,3,56,L,,"Milwaukee, WI",County Stadium,48623
1966-10-30,H,Cleveland Browns,17,49,L,,"Atlanta, GA",Atlanta-Fulton County Stadium,57235
1966-11-13,H,Baltimore Colts,7,19,L,,"Atlanta, GA",Atlanta-Fulton County Stadium,58850
1966-11-20,A,New York Giants,27,16,W,,"New York, NY",Yankee Stadium,62746
1966-11-27,A,Chicago Bears,6,23,L,,"Chicago, IL",Wrigley Field,44777
1966-12-04,A,Minnesota Vikings,20,13,W,,"Bloomington, MN",Metropolitan Stadium,37117
1966-12-11,H,St. Louis Cardinals,16,10,W,,"Atlanta, GA",Atlanta-Fulton County Stadium,57169
1966-12-18,H,Pittsburgh Steelers,33,57,L,,"Atlanta, GA",Atlanta-Fulton County Stadium,56229
1967-08-12,A,New York Giants,10,10,T,,"Ithaca, NY",Schoellkopf Field,20000
1967-08-19,A,Miami Dolphins,27,17,W,,"Miami, FL",Orange Bowl,50822
1967-08-25,H,Cleveland Browns,34,31,W,,"Atlanta, GA",Atlanta-Fulton County Stadium,52240
1967-09-02,N,Minnesota Vikings,3,16,L,,"Cleveland, OH",Cleveland Stadium,84236
1967-09-09,A,New Orleans Saints,14,27,L,,"New Orleans, LA",Tulane Stadium,67486
1967-09-17,A,Baltimore Colts,31,38,L,,"Baltimore, MD",Memorial Stadium,56715
1967-09-24,A,San Francisco 49ers,7,38,L,,"San Francisco, CA",Kezar Stadium,30207
1967-10-01,A,Green Bay Packers,0,23,L,,"Milwaukee, WI",County Stadium,48467
1967-10-08,H,Philadelphia Eagles,7,38,L,,"Atlanta, GA",Atlanta-Fulton County Stadium,53868
1967-10-15,H,Washington Redskins,20,20,T,,"Atlanta, GA",Atlanta-Fulton County Stadium,56538
1967-10-22,A,Detroit Lions,3,24,L,,"Detroit, MI",Tiger Stadium,50601
1967-10-29,H,Minnesota Vikings,21,20,W,,"Atlanta, GA",Atlanta-Fulton County Stadium,52859
1967-11-05,A,Dallas Cowboys,7,37,L,,"Dallas, TX",Cotton Bowl,54751
1967-11-12,H,Baltimore Colts,7,49,L,,"Atlanta, GA",Atlanta-Fulton County Stadium,58850
1967-11-19,H,Los Angeles Rams,3,31,L,,"Atlanta, GA",Atlanta-Fulton County Stadium,56871
1967-11-26,A,New Orleans Saints,24,27,L,,"New Orleans, LA",Tulane Stadium,83437
1967-12-03,A,Los Angeles Rams,3,20,L,,"Los Angeles, CA",Memorial Coliseum,40395
1967-12-10,H,San Francisco 49ers,28,34,L,,"Atlanta, GA",Atlanta-Fulton County Stadium,51798
1967-12-17,H,Chicago Bears,14,23,L,,"Atlanta, GA",Atlanta-Fulton County Stadium,54107
1968-08-10,N,Washington Redskins,14,16,L,,"Tampa, FL",Tampa Stadium,42180
1968-08-17,N,New York Giants,13,17,L,,"Nashville, TN",Dudley Field,14555
1968-08-23,N,New York Jets,12,27,L,,"Birmingham, AL",Legion Field,27406
1968-08-31,H,New Orleans Saints,16,10,W,,"Atlanta, GA",Atlanta-Fulton County Stadium,29837
1968-09-07,A,Miami Dolphins,13,19,L,,"Miami, FL",Orange Bowl,36122
1968-09-14,A,Minnesota Vikings,7,47,L,,"Bloomington, MN",Metropolitan Stadium,45563
1968-09-22,H,Baltimore Colts,20,28,L,,"Atlanta, GA",Atlanta-Fulton County Stadium,50428
1968-09-29,A,San Francisco 49ers,13,28,L,,"San Francisco, CA",Kezar Stadium,27741
1968-10-06,H,Green Bay Packers,7,38,L,,"Atlanta, GA",Atlanta-Fulton County Stadium,58850
1968-10-13,H,New York Giants,24,21,W,,"Atlanta, GA",Atlanta-Fulton County Stadium,49962
1968-10-20,A,Los Angeles Rams,14,27,L,,"Los Angeles, CA",Memorial Coliseum,54443
1968-10-27,A,Cleveland Browns,7,30,L,,"Cleveland, OH",Cleveland Stadium,67723
1968-11-03,H,Pittsburgh Steelers,21,41,L,,"Atlanta, GA",Atlanta-Fulton County Stadium,47727
1968-11-10,H,Los Angeles Rams,10,17,L,,"Atlanta, GA",Atlanta-Fulton County Stadium,53979
1968-11-17,A,Chicago Bears,16,13,W,,"Chicago, IL",Wrigley Field,44214
1968-11-24,A,St. Louis Cardinals,12,17,L,,"St. Louis, MO",Busch Memorial Stadium,43246
1968-12-01,A,Baltimore Colts,0,44,L,,"Baltimore, MD",Memorial Stadium,60238
1968-12-08,H,Detroit Lions,7,24,L,,"Atlanta, GA",Atlanta-Fulton County Stadium,49437
1968-12-15,H,San Francisco 49ers,12,14,L,,"Atlanta, GA",Atlanta-Fulton County Stadium,44977
1969-08-09,N,Philadelphia Eagles,13,7,W,,"Portland, OR",Multnomah Stadium,21625
1969-08-17,A,Boston Patriots,34,16,W,,"Boston, MA",Boston College Alumni Stadium,24084
1969-08-23,H,Washington Redskins,7,24,L,,"Atlanta, GA",Atlanta-Fulton County Stadium,56990
1969-08-30,A,New Orleans Saints,17,21,L,,"New Orleans, LA",Tulane Stadium,69898
1969-09-06,A,Kansas City Chiefs,10,14,L,,"Kansas City, MO",Municipal Stadium,37273
1969-09-13,N,Green Bay Packers,24,38,L,,"Canton, OH",Fawcett Stadium,17411
1969-09-21,H,San Francisco 49ers,24,12,W,,"Atlanta, GA",Atlanta-Fulton County Stadium,45940
1969-09-28,A,Los Angeles Rams,7,17,L,,"Los Angeles, CA",Memorial Coliseum,58031
1969-10-05,H,Baltimore Colts,14,21,L,,"Atlanta, GA",Grant Field,57806
1969-10-12,H,Dallas Cowboys,17,24,L,,"Atlanta, GA",Atlanta-Fulton County Stadium,54833
1969-10-19,A,San Francisco 49ers,21,7,W,,"San Francisco, CA",Kezar Stadium,28684
1969-10-26,A,Green Bay Packers,10,28,L,,"Green Bay, WI",Lambeau Field,50861
1969-11-02,H,Los Angeles Rams,6,38,L,,"Atlanta, GA",Atlanta-Fulton County Stadium,58850
1969-11-09,A,Detroit Lions,21,27,L,,"Detroit, MI",Tiger Stadium,53242
1969-11-16,H,Chicago Bears,48,31,W,,"Atlanta, GA",Atlanta-Fulton County Stadium,53722
1969-11-23,A,Washington Redskins,20,27,L,,"Washington, DC",RFK Stadium,50345
1969-11-30,A,Baltimore Colts,6,13,L,,"Baltimore, MD",Memorial Stadium,60238
1969-12-07,H,New Orleans Saints,45,17,W,,"Atlanta, GA",Atlanta-Fulton County Stadium,51021
1969-12-14,A,Philadelphia Eagles,27,3,W,,"Philadelphia, PA",Franklin Field,60658
1969-12-21,H,Minnesota Vikings,10,3,W,,"Atlanta, GA",Atlanta-Fulton County Stadium,52872
1970-08-15,N,New York Jets,33,7,W,,"Winston-Salem, NC",Groves Stadium,19700
1970-08-21,A,Washington Redskins,13,21,L,,"Washington, DC",RFK Stadium,35168
1970-08-29,H,Kansas City Chiefs,22,17,W,,"Atlanta, GA",Atlanta-Fulton County Stadium,56990
1970-09-04,A,Buffalo Bills,10,7,W,,"Buffalo, NY",War Memorial Stadium,30869
1970-09-12,A,Miami Dolphins,20,17,W,,"Miami, FL",Orange Bowl,50259
1970-09-20,A,New Orleans Saints,14,3,W,,"New Orleans, LA",Tulane Stadium,77042
1970-09-27,A,Green Bay Packers,24,27,L,,"Green Bay, WI",Lambeau Field,56263
1970-10-04,H,San Francisco 49ers,21,20,W,,"Atlanta, GA",Atlanta-Fulton County Stadium,58850
1970-10-11,A,Dallas Cowboys,0,13,L,,"Dallas, TX",Cotton Bowl,53611
1970-10-18,A,Denver Broncos,10,24,L,,"Denver, CO",Mile High Stadium,50705
1970-10-25,H,New Orleans Saints,32,14,W,,"Atlanta, GA",Atlanta-Fulton County Stadium,58850
1970-11-01,H,Chicago Bears,14,23,L,,"Atlanta, GA",Atlanta-Fulton County Stadium,58850
1970-11-08,A,Los Angeles Rams,10,10,T,,"Los Angeles, CA",Memorial Coliseum,67232
1970-11-15,A,Philadelphia Eagles,13,13,T,,"Philadelphia, PA",Franklin Field,55425
1970-11-22,H,Los Angeles Rams,7,17,L,,"Atlanta, GA",Atlanta-Fulton County Stadium,58850
1970-11-30,H,Miami Dolphins,7,20,L,,"Atlanta, GA",Atlanta-Fulton County Stadium,54036
1970-12-06,A,San Francisco 49ers,20,24,L,,"San Francisco, CA",Kezar Stadium,41387
1970-12-13,H,Pittsburgh Steelers,27,16,W,,"Atlanta, GA",Atlanta-Fulton County Stadium,54162
1970-12-20,H,Minnesota Vikings,7,37,L,,"Atlanta, GA",Atlanta-Fulton County Stadium,57992
1971-08-14,A,Kansas City Chiefs,10,12,L,,"Kansas City, MO",Municipal Stadium,37403
1971-08-21,N,Denver Broncos,27,10,W,,"Memphis, TN",Memorial Stadium,22474
1971-08-29,H,Buffalo Bills,35,24,W,,"Atlanta, GA",Atlanta-Fulton County Stadium,53090
1971-09-05,A,New England Patriots,45,35,W,,"Foxborough, MA",Schaefer Stadium,48631
1971-09-11,A,San Diego Chargers,14,21,L,,"San Diego, CA",San Diego Stadium,32555
1971-09-19,H,San Francisco 49ers,20,17,W,,"Atlanta, GA",Atlanta-Fulton County Stadium,56990
1971-09-26,A,Los Angeles Rams,20,20,T,,"Los Angeles, CA",Memorial Coliseum,57895
1971-10-03,A,Detroit Lions,38,41,L,,"Detroit, MI",Tiger Stadium,54418
1971-10-10,H,St. Louis Cardinals,9,26,L,,"Atlanta, GA",Atlanta-Fulton County Stadium,58850
1971-10-17,H,Los Angeles Rams,16,24,L,,"Atlanta, GA",Atlanta-Fulton County Stadium,58850
1971-10-24,H,New Orleans Saints,28,6,W,,"Atlanta, GA",Atlanta-Fulton County Stadium,58850
1971-10-31,A,Cleveland Browns,31,14,W,,"Cleveland, OH",Cleveland Stadium,76825
1971-11-07,A,Cincinnati Bengals,9,6,W,,"Cincinnati, OH",Riverfront Stadium,59604
1971-11-14,H,New York Giants,17,21,L,,"Atlanta, GA",Atlanta-Fulton County Stadium,58850
1971-11-22,H,Green Bay Packers,28,21,W,,"Atlanta, GA",Atlanta-Fulton County Stadium,58850
1971-11-28,A,Minnesota Vikings,7,24,L,,"Bloomington, MN",Metropolitan Stadium,49784
1971-12-05,H,Oakland Raiders,24,13,W,,"Atlanta, GA",Atlanta-Fulton County Stadium,58850
1971-12-12,A,San Francisco 49ers,3,24,L,,"San Francisco, CA",Candlestick Park,44582
1971-12-19,A,New Orleans Saints,24,20,W,,"New Orleans, LA",Tulane Stadium,75954
1972-08-05,A,San Diego Chargers,7,30,L,,"San Diego, CA",San Diego Stadium,41404
1972-08-19,H,Pittsburgh Steelers,17,31,L,,"Atlanta, GA",Atlanta-Fulton County Stadium,53288
1972-08-25,A,Miami Dolphins,10,24,L,,"Miami, FL",Orange Bowl,75372
1972-09-02,H,New York Jets,3,9,L,,"Atlanta, GA",Grant Field,37806
1972-09-09,A,Cincinnati Bengals,44,14,W,,"Cincinnati, OH",Riverfront Stadium,55804
1972-09-17,A,Chicago Bears,37,21,W,,"Chicago, IL",Soldier Field,55701
1972-09-24,A,New England Patriots,20,21,L,,"Foxborough, MA",Schaefer Stadium,60999
1972-10-01,H,Los Angeles Rams,31,3,W,,"Atlanta, GA",Atlanta-Fulton County Stadium,57122
1972-10-08,H,Detroit Lions,23,26,L,,"Atlanta, GA",Atlanta-Fulton County Stadium,58850
1972-10-15,A,New Orleans Saints,21,14,W,,"New Orleans, LA",Tulane Stadium,66294
1972-10-22,A,Green Bay Packers,10,9,W,,"Milwaukee, WI",County Stadium,47967
1972-10-29,H,San Francisco 49ers,14,49,L,,"Atlanta, GA",Atlanta-Fulton County Stadium,58850
1972-11-05,A,Los Angeles Rams,7,20,L,,"Los Angeles, CA",Memorial Coliseum,75018
1972-11-12,H,New Orleans Saints,36,20,W,,"Atlanta, GA",Atlanta-Fulton County Stadium,58850
1972-11-20,A,Washington Redskins,13,24,L,,"Washington, DC",RFK Stadium,53039
1972-11-26,H,Denver Broncos,23,20,W,,"Atlanta, GA",Atlanta-Fulton County Stadium,58850
1972-12-03,H,Houston Oilers,20,10,W,,"Atlanta, GA",Atlanta-Fulton County Stadium,58850
1972-12-10,A,San Francisco 49ers,0,20,L,,"San Francisco, CA",Candlestick Park,61214
1972-12-17,H,Kansas City Chiefs,14,17,L,,"Atlanta, GA",Atlanta-Fulton County Stadium,58860
1973-08-11,H,Baltimore Colts,34,20,W,,"Atlanta, GA",Atlanta-Fulton County Stadium,57122
1973-08-18,H,New England Patriots,27,10,W,,"Atlanta, GA",Atlanta-Fulton County Stadium,56238
1973-08-25,N,Cleveland Browns,17,20,L,,"Knoxville, TN",Neyland Stadium,40831
1973-09-01,A,Cincinnati Bengals,20,31,L,,"Cincinnati, OH",Riverfront Stadium,55863
1973-09-08,A,Pittsburgh Steelers,0,19,L,,"Pittsburgh, PA",Three Rivers Stadium,50350
1973-09-16,A,New Orleans Saints,62,7,W,,"New Orleans, LA",Tulane Stadium,66428
1973-09-23,A,Los Angeles Rams,0,31,L,,"Los Angeles, CA",Memorial Coliseum,61197
1973-10-01,A,Detroit Lions,6,31,L,,"Detroit, MI",Tiger Stadium,45599
1973-10-07,H,San Francisco 49ers,9,13,L,,"Atlanta, GA",Atlanta-Fulton County Stadium,51107
1973-10-14,H,Chicago Bears,46,6,W,,"Atlanta, GA",Atlanta-Fulton County Stadium,47342
1973-10-21,A,San Diego Chargers,41,0,W,,"San Diego, CA",San Diego Stadium,41527
1973-10-28,A,San Francisco 49ers,17,3,W,,"San Francisco, CA",Candlestick Park,56825
1973-11-04,H,Los Angeles Rams,15,13,W,,"Atlanta, GA",Atlanta-Fulton County Stadium,55837
1973-11-11,A,Philadelphia Eagles,44,27,W,,"Philadelphia, PA",Veterans Stadium,63114
1973-11-19,H,Minnesota Vikings,20,14,W,,"Atlanta, GA",Atlanta-Fulton County Stadium,56519
1973-11-25,A,New York Jets,28,20,W,,"New York, NY",Shea Stadium,47283
1973-12-02,H,Buffalo Bills,6,17,L,,"Atlanta, GA",Atlanta-Fulton County Stadium,54607
1973-12-09,H,St. Louis Cardinals,10,32,L,,"Atlanta, GA",Atlanta-Fulton County Stadium,48030
1973-12-16,H,New Orleans Saints,14,10,W,,"Atlanta, GA",Atlanta-Fulton County Stadium,34147
1974-08-04,A,Philadelphia Eagles,23,7,W,,"Philadelphia, PA",Veterans Stadium,15379
1974-08-10,A,Oakland Raiders,16,28,L,,"Berkeley, CA",Memorial Stadium,34319
1974-08-17,H,Cincinnati Bengals,7,13,L,OT,"Atlanta, GA",Grant Field,44127
1974-08-26,A,Houston Oilers,10,6,W,,"Houston, TX",Astrodome,27116
1974-08-31,H,Baltimore Colts,23,7,W,,"Atlanta, GA",Atlanta-Fulton County Stadium,50085
1974-09-08,A,Denver Broncos,20,14,W,,"Denver, CO",Mile High Stadium,43253
1974-09-15,H,Dallas Cowboys,0,24,L,,"Atlanta, GA",Atlanta-Fulton County Stadium,52322
1974-09-22,H,San Francisco 49ers,10,16,L,,"Atlanta, GA",Atlanta-Fulton County Stadium,47686
1974-09-29,A,New Orleans Saints,13,14,L,,"New Orleans, LA",Tulane Stadium,55025
1974-10-06,A,New York Giants,14,7,W,,"New Haven, CT",Yale Bowl,42379
1974-10-13,H,Chicago Bears,13,10,W,,"Atlanta, GA",Atlanta-Fulton County Stadium,47835
1974-10-20,H,New Orleans Saints,3,13,L,,"Atlanta, GA",Atlanta-Fulton County Stadium,47217
1974-10-28,A,Pittsburgh Steelers,17,24,L,,"Pittsburgh, PA",Three Rivers Stadium,48094
1974-11-03,A,Miami Dolphins,7,42,L,,"Miami, FL",Orange Bowl,64399
1974-11-10,A,Los Angeles Rams,0,21,L,,"Los Angeles, CA",Memorial Coliseum,62133
1974-11-17,H,Baltimore Colts,7,17,L,,"Atlanta, GA",Atlanta-Fulton County Stadium,41278
1974-11-24,A,San Francisco 49ers,0,27,L,,"San Francisco, CA",Candlestick Park,45435
1974-12-01,H,Los Angeles Rams,7,30,L,,"Atlanta, GA",Atlanta-Fulton County Stadium,18648
1974-12-07,A,Minnesota Vikings,10,23,L,,"Bloomington, MN",Metropolitan Stadium,47105
1974-12-15,H,Green Bay Packers,10,3,W,,"Atlanta, GA",Atlanta-Fulton County Stadium,10020
1975-08-08,A,Washington Redskins,16,14,W,,"Washington, DC",RFK Stadium,18444
1975-08-16,N,Baltimore Colts,10,3,W,,"Lincoln, NE",Memorial Stadium,43097
1975-08-23,H,Oakland Raiders,7,22,L,,"Atlanta, GA",Atlanta-Fulton County Stadium,39878
1975-08-30,H,New York Jets,13,16,L,,"Atlanta, GA",Atlanta-Fulton County Stadium,34387
1975-09-06,N,Buffalo Bills,14,16,L,,"Tampa, FL",Tampa Stadium,41212
1975-09-13,H,Philadelphia Eagles,17,14,W,,"Atlanta, GA",Atlanta-Fulton County Stadium,28675
1975-09-21,A,St. Louis Cardinals,20,23,L,,"St. Louis, MO",Busch Memorial Stadium,42172
1975-09-28,H,Detroit Lions,14,17,L,,"Atlanta, GA",Atlanta-Fulton County Stadium,45218
1975-10-05,H,New Orleans Saints,14,7,W,,"Atlanta, GA",Atlanta-Fulton County Stadium,29444
1975-10-12,A,San Francisco 49ers,17,3,W,,"San Francisco, CA",Candlestick Park,44043
1975-10-19,A,Los Angeles Rams,7,22,L,,"Los Angeles, CA",Memorial Coliseum,60581
1975-10-26,H,Cincinnati Bengals,14,21,L,,"Atlanta, GA",Atlanta-Fulton County Stadium,45811
1975-11-02,A,New Orleans Saints,7,23,L,,"New Orleans, LA",Louisiana Superdome,49342
1975-11-09,A,Minnesota Vikings,0,38,L,,"Bloomington, MN",Metropolitan Stadium,43751
1975-11-16,H,Los Angeles Rams,7,16,L,,"Atlanta, GA",Atlanta-Fulton County Stadium,44595
1975-11-23,H,Denver Broncos,35,21,W,,"Atlanta, GA",Atlanta-Fulton County Stadium,28686
1975-11-30,A,Oakland Raiders,34,37,L,OT,"Oakland, CA",Oakland-Alameda County Coliseum,50860
1975-12-07,H,Washington Redskins,27,30,L,,"Atlanta, GA",Atlanta-Fulton County Stadium,52809
1975-12-14,H,San Francisco 49ers,31,9,W,,"Atlanta, GA",Atlanta-Fulton County Stadium,38501
1975-12-21,A,Green Bay Packers,13,22,L,,"Green Bay, WI",Lambeau Field,38565
1976-07-31,H,Washington Redskins,10,17,L,,"Atlanta, GA",Atlanta-Fulton County Stadium,38808
1976-08-07,N,Cleveland Browns,7,31,L,,"Stillwater, OK",Lewis Field,24227
1976-08-14,N,Tampa Bay Buccaneers,3,17,L,,"Jacksonville, FL",Gator Bowl,11342
1976-08-21,H,New England Patriots,17,28,L,,"Atlanta, GA",Atlanta-Fulton County Stadium,23495
1976-08-28,H,Baltimore Colts,21,7,W,,"Atlanta, GA",Atlanta-Fulton County Stadium,24986
1976-09-03,A,Green Bay Packers,26,7,W,,"Milwaukee, WI",County Stadium,54989
1976-09-12,H,Los Angeles Rams,14,30,L,,"Atlanta, GA",Atlanta-Fulton County Stadium,53607
1976-09-19,A,Detroit Lions,10,24,L,,"Pontiac, MI",Pontiac Silverdome,50115
1976-09-26,A,Chicago Bears,10,0,W,,"Chicago, IL",Soldier Field,41029
1976-10-03,H,Philadelphia Eagles,13,14,L,,"Atlanta, GA",Atlanta-Fulton County Stadium,45535
1976-10-10,A,New Orleans Saints,0,30,L,,"New Orleans, LA",Louisiana Superdome,51521
1976-10-17,H,Cleveland Browns,17,20,L,,"Atlanta, GA",Atlanta-Fulton County Stadium,32837
1976-10-23,A,San Francisco 49ers,0,15,L,,"San Francisco, CA",Candlestick Park,50240
1976-10-31,H,New Orleans Saints,23,20,W,,"Atlanta, GA",Atlanta-Fulton County Stadium,33702
1976-11-07,A,Seattle Seahawks,13,30,L,,"Seattle, WA",Kingdome,57985
1976-11-14,H,San Francisco 49ers,21,16,W,,"Atlanta, GA",Atlanta-Fulton County Stadium,19733
1976-11-21,H,Dallas Cowboys,17,10,W,,"Atlanta, GA",Atlanta-Fulton County Stadium,54992
1976-11-28,A,Houston Oilers,14,20,L,,"Houston, TX",Astrodome,25838
1976-12-04,A,Los Angeles Rams,0,59,L,,"Los Angeles, CA",Memorial Coliseum,57366
1976-12-12,H,Green Bay Packers,20,24,L,,"Atlanta, GA",Atlanta-Fulton County Stadium,23116
1977-08-06,A,St. Louis Cardinals,3,0,W,,"St. Louis, MO",Busch Memorial Stadium,24667
1977-08-13,H,New York Jets,2,17,L,,"Atlanta, GA",Atlanta-Fulton County Stadium,28954
1977-08-20,H,Denver Broncos,2,10,L,,"Atlanta, GA",Atlanta-Fulton County Stadium,21239
1977-08-27,N,Tampa Bay Buccaneers,30,21,W,,"Orlando, FL",Florida Citrus Bowl Stadium,31123
1977-09-05,A,Kansas City Chiefs,24,16,W,,"Kansas City, MO",Arrowhead Stadium,22748
1977-09-11,A,New England Patriots,10,29,L,,"Foxborough, MA",Schaefer Stadium,41346
1977-09-18,H,Los Angeles Rams,17,6,W,,"Atlanta, GA",Atlanta-Fulton County Stadium,55956
1977-09-25,A,Washington Redskins,6,10,L,,"Washington, DC",RFK Stadium,55031
1977-10-02,H,New York Giants,17,3,W,,"Atlanta, GA",Atlanta-Fulton County Stadium,46174
1977-10-09,A,San Francisco 49ers,7,0,W,,"San Francisco, CA",Candlestick Park,38009
1977-10-16,A,Buffalo Bills,0,3,L,,"Orchard Park, NY",Rich Stadium,27348
1977-10-23,A,Chicago Bears,16,10,W,,"Chicago, IL",Soldier Field,49407
1977-10-30,H,Minnesota Vikings,7,14,L,,"Atlanta, GA",Atlanta-Fulton County Stadium,59257
1977-11-06,H,San Francisco 49ers,3,10,L,,"Atlanta, GA",Atlanta-Fulton County Stadium,46577
1977-11-13,H,Detroit Lions,17,6,W,,"Atlanta, GA",Atlanta-Fulton County Stadium,47461
1977-11-20,A,New Orleans Saints,20,21,L,,"New Orleans, LA",Louisiana Superdome,43135
1977-11-27,A,Tampa Bay Buccaneers,17,0,W,,"Tampa, FL",Tampa Stadium,43592
1977-12-04,H,New England Patriots,10,16,L,,"Atlanta, GA",Atlanta-Fulton County Stadium,57911
1977-12-11,A,Los Angeles Rams,7,23,L,,"Los Angeles, CA",Memorial Coliseum,52574
1977-12-18,H,New Orleans Saints,35,7,W,,"Atlanta, GA",Atlanta-Fulton County Stadium,36895
1978-08-07,A,New York Jets,20,17,W,,"East Rutherford, NJ",Giants Stadium,31480
1978-08-12,A,Pittsburgh Steelers,7,13,L,,"Pittsburgh, PA",Three Rivers Stadium,46444
1978-08-19,H,Philadelphia Eagles,7,24,L,,"Atlanta, GA",Atlanta-Fulton County Stadium,51306
1978-08-25,A,Washington Redskins,10,7,W,,"Washington, DC",RFK Stadium,29487
1978-09-03,H,Houston Oilers,20,14,W,,"Atlanta, GA",Atlanta-Fulton County Stadium,57328
1978-09-10,A,Los Angeles Rams,0,10,L,,"Los Angeles, CA",Memorial Coliseum,46201
1978-09-17,H,Cleveland Browns,16,24,L,,"Atlanta, GA",Atlanta-Fulton County Stadium,56648
1978-09-24,A,Tampa Bay Buccaneers,9,14,L,,"Tampa, FL",Tampa Stadium,58073
1978-10-01,H,New York Giants,23,20,W,,"Atlanta, GA",Atlanta-Fulton County Stadium,47765
1978-10-08,A,Pittsburgh Steelers,7,31,L,,"Pittsburgh, PA",Three Rivers Stadium,48202
1978-10-15,H,Detroit Lions,14,0,W,,"Atlanta, GA",Atlanta-Fulton County Stadium,51172
1978-10-22,A,San Francisco 49ers,20,17,W,,"San Francisco, CA",Candlestick Park,34133
1978-10-30,H,Los Angeles Rams,15,7,W,,"Atlanta, GA",Atlanta-Fulton County Stadium,57250
1978-11-05,H,San Francisco 49ers,21,10,W,,"Atlanta, GA",Atlanta-Fulton County Stadium,55468
1978-11-12,A,New Orleans Saints,20,17,W,,"New Orleans, LA",Louisiana Superdome,70323
1978-11-19,A,Chicago Bears,7,13,L,,"Chicago, IL",Soldier Field,46022
1978-11-26,H,New Orleans Saints,20,17,W,,"Atlanta, GA",Atlanta-Fulton County Stadium,55121
1978-12-03,A,Cincinnati Bengals,7,37,L,,"Cincinnati, OH",Riverfront Stadium,25336
1978-12-10,H,Washington Redskins,20,17,W,,"Atlanta, GA",Atlanta-Fulton County Stadium,54178
1978-12-17,A,St. Louis Cardinals,21,42,L,,"St. Louis, MO",Busch Memorial Stadium,40022
1978-12-24,H,Philadelphia Eagles,14,13,W,,"Atlanta, GA",Atlanta-Fulton County Stadium,49447
1978-12-30,A,Dallas Cowboys,20,27,L,,"Irving, TX",Texas Stadium,60338
1979-08-04,H,New England Patriots,14,37,L,,"Atlanta, GA",Atlanta-Fulton County Stadium,53228
1979-08-09,A,St. Louis Cardinals,17,42,L,,"St. Louis, MO",Busch Memorial Stadium,39705
1979-08-18,H,Washington Redskins,6,16,L,,"Atlanta, GA",Atlanta-Fulton County Stadium,52478
1979-08-25,A,Green Bay Packers,35,45,L,,"Milwaukee, WI",County Stadium,55416
1979-09-02,A,New Orleans Saints,40,34,W,OT,"New Orleans, LA",Louisiana Superdome,70940
1979-09-10,A,Philadelphia Eagles,14,10,W,,"Philadelphia, PA",Veterans Stadium,66935
1979-09-16,H,Denver Broncos,17,20,L,OT,"Atlanta, GA",Atlanta-Fulton County Stadium,57677
1979-09-23,A,Detroit Lions,23,24,L,,"Pontiac, MI",Pontiac Silverdome,56249
1979-09-30,H,Washington Redskins,7,16,L,,"Atlanta, GA",Atlanta-Fulton County Stadium,56819
1979-10-07,H,Green Bay Packers,25,7,W,,"Atlanta, GA",Atlanta-Fulton County Stadium,56184
1979-10-14,A,Oakland Raiders,19,50,L,,"Oakland, CA",Oakland-Alameda County Coliseum,52900
1979-10-21,A,San Francisco 49ers,15,20,L,,"San Francisco, CA",Candlestick Park,33952
1979-10-29,H,Seattle Seahawks,28,31,L,,"Atlanta, GA",Atlanta-Fulton County Stadium,52566
1979-11-04,H,Tampa Bay Buccaneers,17,14,W,,"Atlanta, GA",Atlanta-Fulton County Stadium,55150
1979-11-11,A,New York Giants,3,24,L,,"East Rutherford, NJ",Giants Stadium,60860
1979-11-19,A,Los Angeles Rams,14,20,L,,"Los Angeles, CA",Memorial Coliseum,54097
1979-11-25,H,New Orleans Saints,6,37,L,,"Atlanta, GA",Atlanta-Fulton County Stadium,42815
1979-12-02,A,San Diego Chargers,28,26,W,,"San Diego, CA",San Diego Stadium,50198
1979-12-09,H,Los Angeles Rams,13,34,L,,"Atlanta, GA",Atlanta-Fulton County Stadium,49236
1979-12-16,H,San Francisco 49ers,31,21,W,,"Atlanta, GA",Atlanta-Fulton County Stadium,37211
1980-08-07,A,Seattle Seahawks,10,14,L,,"Seattle, WA",Kingdome,59555
1980-08-15,H,Pittsburgh Steelers,14,17,L,,"Atlanta, GA",Atlanta-Fulton County Stadium,55695
1980-08-23,A,San Diego Chargers,9,17,L,,"San Diego, CA",San Diego Stadium,47184
1980-08-29,H,Baltimore Colts,51,35,W,,"Atlanta, GA",Atlanta-Fulton County Stadium,42983
1980-09-07,A,Minnesota Vikings,23,24,L,,"Bloomington, MN",Metropolitan Stadium,44773
1980-09-14,A,New England Patriots,37,21,W,,"Foxborough, MA",Schaefer Stadium,48321
1980-09-21,H,Miami Dolphins,17,20,L,,"Atlanta, GA",Atlanta-Fulton County Stadium,55479
1980-09-28,A,San Francisco 49ers,20,17,W,,"San Francisco, CA",Candlestick Park,56518
1980-10-05,H,Detroit Lions,43,28,W,,"Atlanta, GA",Atlanta-Fulton County Stadium,57652
1980-10-12,H,New York Jets,7,14,L,,"Atlanta, GA",Atlanta-Fulton County Stadium,57458
1980-10-19,A,New Orleans Saints,41,14,W,,"New Orleans, LA",Louisiana Superdome,62651
1980-10-26,H,Los Angeles Rams,13,10,W,,"Atlanta, GA",Atlanta-Fulton County Stadium,57401
1980-11-02,A,Buffalo Bills,30,14,W,,"Orchard Park, NY",Rich Stadium,57959
1980-11-09,A,St. Louis Cardinals,33,27,W,OT,"St. Louis, MO",Busch Memorial Stadium,48662
1980-11-16,H,New Orleans Saints,31,13,W,,"Atlanta, GA",Atlanta-Fulton County Stadium,53871
1980-11-23,H,Chicago Bears,28,17,W,,"Atlanta, GA",Atlanta-Fulton County Stadium,49156
1980-11-30,H,Washington Redskins,10,6,W,,"Atlanta, GA",Atlanta-Fulton County Stadium,55665
1980-12-07,A,Philadelphia Eagles,20,17,W,,"Philadelphia, PA",Veterans Stadium,70205
1980-12-14,H,San Francisco 49ers,35,10,W,,"Atlanta, GA",Atlanta-Fulton County Stadium,55767
1980-12-21,A,Los Angeles Rams,17,20,L,OT,"Anaheim, CA",Anaheim Stadium,62469
1981-01-04,H,Dallas Cowboys,27,30,L,,"Atlanta, GA",Atlanta-Fulton County Stadium,60022
1981-08-01,N,Cleveland Browns,10,24,L,,"Canton, OH",Fawcett Stadium,23921
1981-08-08,A,Oakland Raiders,16,17,L,,"Oakland, CA",Oakland-Alameda County Coliseum,42697
1981-08-15,H,New York Jets,21,20,W,,"Atlanta, GA",Atlanta-Fulton County Stadium,51163
1981-08-22,A,Minnesota Vikings,19,20,L,,"Bloomington, MN",Metropolitan Stadium,42908
1981-08-28,H,Tampa Bay Buccaneers,27,7,W,,"Atlanta, GA",Atlanta-Fulton County Stadium,53688
1981-09-06,H,New Orleans Saints,27,0,W,,"Atlanta, GA",Atlanta-Fulton County Stadium,57406
1981-09-13,A,Green Bay Packers,31,17,W,,"Green Bay, WI",Lambeau Field,55382
1981-09-20,H,San Francisco 49ers,34,17,W,,"Atlanta, GA",Atlanta-Fulton County Stadium,56653
1981-09-27,A,Cleveland Browns,17,28,L,,"Cleveland, OH",Cleveland Stadium,78283
1981-10-05,A,Philadelphia Eagles,13,16,L,,"Philadelphia, PA",Veterans Stadium,71488
1981-10-11,H,Los Angeles Rams,35,37,L,,"Atlanta, GA",Atlanta-Fulton County Stadium,57841
1981-10-18,H,St. Louis Cardinals,41,20,W,,"Atlanta, GA",Atlanta-Fulton County Stadium,51428
1981-10-25,H,New York Giants,24,27,L,OT,"Atlanta, GA",Atlanta-Fulton County Stadium,60749
1981-11-01,A,New Orleans Saints,41,10,W,,"New Orleans, LA",Louisiana Superdome,63637
1981-11-08,A,San Francisco 49ers,14,17,L,,"San Francisco, CA",Candlestick Park,59127
1981-11-15,H,Pittsburgh Steelers,20,34,L,,"Atlanta, GA",Atlanta-Fulton County Stadium,57485
1981-11-23,H,Minnesota Vikings,31,30,W,,"Atlanta, GA",Atlanta-Fulton County Stadium,60749
1981-11-29,A,Houston Oilers,31,27,W,,"Houston, TX",Astrodome,40201
1981-12-06,A,Tampa Bay Buccaneers,23,24,L,,"Tampa, FL",Tampa Stadium,69221
1981-12-14,A,Los Angeles Rams,16,21,L,,"Anaheim, CA",Anaheim Stadium,57054
1981-12-20,H,Cincinnati Bengals,28,30,L,,"Atlanta, GA",Atlanta-Fulton County Stadium,35972
1982-08-14,H,Minnesota Vikings,20,17,W,,"Atlanta, GA",Atlanta-Fulton County Stadium,49831
1982-08-21,N,Baltimore Colts,3,34,L,,"Tempe, AZ",Sun Devil Stadium,56748
1982-08-27,H,Philadelphia Eagles,24,21,W,,"Atlanta, GA",Atlanta-Fulton County Stadium,51175
1982-09-03,A,Tampa Bay Buccaneers,0,34,L,,"Tampa, FL",Tampa Stadium,62933
1982-09-12,A,New York Giants,16,14,W,,"East Rutherford, NJ",Giants Stadium,74286
1982-09-19,H,Los Angeles Raiders,14,38,L,,"Atlanta, GA",Atlanta-Fulton County Stadium,54774
1982-09-23,A,Kansas City Chiefs,,,-,,"Kansas City, MO",Arrowhead Stadium,
1982-10-03,H,San Diego Chargers,,,-,,"Atlanta, GA",Atlanta-Fulton County Stadium,
1982-10-10,A,Los Angeles Rams,,,-,,"Anaheim, CA",Anaheim Stadium,
1982-10-17,A,Detroit Lions,,,-,,"Pontiac, MI",Pontiac Silverdome,
1982-10-24,H,San Francisco 49ers,,,-,,"Atlanta, GA",Atlanta-Fulton County Stadium,
1982-11-07,A,Chicago Bears,,,-,,"Chicago, IL",Soldier Field,
1982-11-15,H,Philadelphia Eagles,,,-,,"Atlanta, GA",Atlanta-Fulton County Stadium,
1982-11-21,H,Los Angeles Rams,34,17,W,,"Atlanta, GA",Atlanta-Fulton County Stadium,39686
1982-11-28,H,St. Louis Cardinals,20,23,L,,"Atlanta, GA",Atlanta-Fulton County Stadium,33411
1982-12-05,A,Denver Broncos,34,27,W,,"Denver, CO",Mile High Stadium,73984
1982-12-12,H,New Orleans Saints,35,0,W,,"Atlanta, GA",Atlanta-Fulton County Stadium,39535
1982-12-19,A,San Francisco 49ers,17,7,W,,"San Francisco, CA",Candlestick Park,53234
1982-12-26,H,Green Bay Packers,7,38,L,,"Atlanta, GA",Atlanta-Fulton County Stadium,50245
1983-01-02,A,New Orleans Saints,6,35,L,,"New Orleans, LA",Louisiana Superdome,47336
1983-01-09,A,Minnesota Vikings,24,30,L,,"Minneapolis, MN",Metrodome,60560
1983-08-06,H,Washington Redskins,13,10,W,OT,"Atlanta, GA",Atlanta-Fulton County Stadium,46052
1983-08-13,A,Denver Broncos,10,21,L,,"Denver, CO",Mile High Stadium,73199
1983-08-20,A,Tampa Bay Buccaneers,6,17,L,,"Tampa, FL",Tampa Stadium,57237
1983-08-26,H,Baltimore Colts,10,7,W,,"Atlanta, GA",Atlanta-Fulton County Stadium,37420
1983-09-04,A,Chicago Bears,20,17,W,,"Chicago, IL",Soldier Field,60165
1983-09-11,H,New York Giants,13,16,L,OT,"Atlanta, GA",Atlanta-Fulton County Stadium,52850
1983-09-18,A,Detroit Lions,30,14,W,,"Pontiac, MI",Pontiac Silverdome,54622
1983-09-25,A,San Francisco 49ers,20,24,L,,"San Francisco, CA",Candlestick Park,57814
1983-10-02,H,Philadelphia Eagles,24,28,L,,"Atlanta, GA",Atlanta-Fulton County Stadium,50621
1983-10-09,H,New Orleans Saints,17,19,L,,"Atlanta, GA",Atlanta-Fulton County Stadium,51654
1983-10-16,A,Los Angeles Rams,21,27,L,,"Anaheim, CA",Anaheim Stadium,50404
1983-10-23,A,New York Jets,27,21,W,,"New York, NY",Shea Stadium,46878
1983-10-30,H,New England Patriots,24,13,W,,"Atlanta, GA",Atlanta-Fulton County Stadium,47546
1983-11-06,A,New Orleans Saints,10,27,L,,"New Orleans, LA",Louisiana Superdome,67062
1983-11-14,H,Los Angeles Rams,13,36,L,,"Atlanta, GA",Atlanta-Fulton County Stadium,31202
1983-11-20,H,San Francisco 49ers,28,24,W,,"Atlanta, GA",Atlanta-Fulton County Stadium,32782
1983-11-27,H,Green Bay Packers,47,41,W,OT,"Atlanta, GA",Atlanta-Fulton County Stadium,35688
1983-12-04,A,Washington Redskins,21,37,L,,"Washington, DC",RFK Stadium,52074
1983-12-10,A,Miami Dolphins,24,31,L,,"Miami, FL",Orange Bowl,56725
1983-12-18,H,Buffalo Bills,31,14,W,,"Atlanta, GA",Atlanta-Fulton County Stadium,31015
1984-08-04,A,Minnesota Vikings,6,37,L,,"Minneapolis, MN",Metrodome,51693
1984-08-11,A,New Orleans Saints,21,31,L,,"New Orleans, LA",Louisiana Superdome,58502
1984-08-18,H,Tampa Bay Buccaneers,52,21,W,,"Atlanta, GA",Atlanta-Fulton County Stadium,29610
1984-08-24,H,Denver Broncos,13,24,L,,"Atlanta, GA",Atlanta-Fulton County Stadium,30988
1984-09-02,A,New Orleans Saints,36,28,W,,"New Orleans, LA",Louisiana Superdome,66652
1984-09-09,H,Detroit Lions,24,27,L,OT,"Atlanta, GA",Atlanta-Fulton County Stadium,49878
1984-09-16,A,Minnesota Vikings,20,27,L,,"Minneapolis, MN",Metrodome,53955
1984-09-23,H,Houston Oilers,42,10,W,,"Atlanta, GA",Atlanta-Fulton County Stadium,45248
1984-09-30,A,San Francisco 49ers,5,14,L,,"San Francisco, CA",Candlestick Park,57990
1984-10-07,A,Los Angeles Rams,30,28,W,,"Anaheim, CA",Anaheim Stadium,47832
1984-10-14,H,New York Giants,7,19,L,,"Atlanta, GA",Atlanta-Fulton County Stadium,50268
1984-10-22,H,Los Angeles Rams,10,24,L,,"Atlanta, GA",Atlanta-Fulton County Stadium,52681
1984-10-28,A,Pittsburgh Steelers,10,35,L,,"Pittsburgh, PA",Three Rivers Stadium,55971
1984-11-05,A,Washington Redskins,14,27,L,,"Washington, DC",RFK Stadium,51301
1984-11-11,H,New Orleans Saints,13,17,L,,"Atlanta, GA",Atlanta-Fulton County Stadium,40590
1984-11-18,H,Cleveland Browns,7,23,L,,"Atlanta, GA",Atlanta-Fulton County Stadium,28280
1984-11-25,A,Cincinnati Bengals,14,35,L,,"Cincinnati, OH",Riverfront Stadium,44678
1984-12-02,H,San Francisco 49ers,17,35,L,,"Atlanta, GA",Atlanta-Fulton County Stadium,29644
1984-12-09,A,Tampa Bay Buccaneers,6,23,L,,"Tampa, FL",Tampa Stadium,33808
1984-12-16,H,Philadelphia Eagles,26,10,W,,"Atlanta, GA",Atlanta-Fulton County Stadium,15582
1985-08-10,H,Washington Redskins,14,17,L,,"Atlanta, GA",Atlanta-Fulton County Stadium,30574
1985-08-17,A,Tampa Bay Buccaneers,23,17,W,,"Tampa, FL",Tampa Stadium,34040
1985-08-24,A,Green Bay Packers,24,28,L,,"Milwaukee, WI",County Stadium,49703
1985-08-30,H,Miami Dolphins,19,17,W,,"Atlanta, GA",Atlanta-Fulton County Stadium,32768
1985-09-08,H,Detroit Lions,27,28,L,,"Atlanta, GA",Atlanta-Fulton County Stadium,37785
1985-09-15,A,San Francisco 49ers,16,35,L,,"San Francisco, CA",Candlestick Park,58923
1985-09-22,H,Denver Broncos,28,44,L,,"Atlanta, GA",Atlanta-Fulton County Stadium,37903
1985-09-29,A,Los Angeles Rams,6,17,L,,"Anaheim, CA",Anaheim Stadium,49870
1985-10-06,H,San Francisco 49ers,17,38,L,,"Atlanta, GA",Atlanta-Fulton County Stadium,44740
1985-10-13,A,Seattle Seahawks,26,30,L,,"Seattle, WA",Kingdome,60430
1985-10-20,H,New Orleans Saints,31,24,W,,"Atlanta, GA",Atlanta-Fulton County Stadium,44784
1985-10-27,A,Dallas Cowboys,10,24,L,,"Irving, TX",Texas Stadium,57941
1985-11-03,H,Washington Redskins,10,44,L,,"Atlanta, GA",Atlanta-Fulton County Stadium,42209
1985-11-10,A,Philadelphia Eagles,17,23,L,OT,"Philadelphia, PA",Veterans Stadium,63694
1985-11-17,H,Los Angeles Rams,30,14,W,,"Atlanta, GA",Atlanta-Fulton County Stadium,29960
1985-11-24,A,Chicago Bears,0,36,L,,"Chicago, IL",Soldier Field,61769
1985-12-01,H,Los Angeles Raiders,24,34,L,,"Atlanta, GA",Atlanta-Fulton County Stadium,20585
1985-12-08,A,Kansas City Chiefs,10,38,L,,"Kansas City, MO",Arrowhead Stadium,18199
1985-12-15,H,Minnesota Vikings,14,13,W,,"Atlanta, GA",Atlanta-Fulton County Stadium,14167
1985-12-22,A,New Orleans Saints,16,10,W,,"New Orleans, LA",Louisiana Superdome,37717
1986-08-06,H,New York Giants,31,24,W,,"Atlanta, GA",Atlanta-Fulton County Stadium,25445
1986-08-16,A,Tampa Bay Buccaneers,20,17,W,,"Tampa, FL",Tampa Stadium,28797
1986-08-23,H,Cleveland Browns,21,27,L,,"Atlanta, GA",Atlanta-Fulton County Stadium,33637
1986-08-29,A,Washington Redskins,21,29,L,,"Washington, DC",RFK Stadium,52619
1986-09-07,A,New Orleans Saints,31,10,W,,"New Orleans, LA",Louisiana Superdome,67950
1986-09-14,H,St. Louis Cardinals,33,13,W,,"Atlanta, GA",Atlanta-Fulton County Stadium,46463
1986-09-21,A,Dallas Cowboys,37,35,W,,"Irving, TX",Texas Stadium,62880
1986-09-28,A,Tampa Bay Buccaneers,23,20,W,OT,"Tampa, FL",Tampa Stadium,38950
1986-10-05,H,Philadelphia Eagles,0,16,L,,"Atlanta, GA",Atlanta-Fulton County Stadium,57104
1986-10-12,H,Los Angeles Rams,26,14,W,,"Atlanta, GA",Atlanta-Fulton County Stadium,58637
1986-10-19,H,San Francisco 49ers,10,10,T,OT,"Atlanta, GA",Atlanta-Fulton County Stadium,55306
1986-10-26,A,Los Angeles Rams,7,14,L,,"Anaheim, CA",Anaheim Stadium,56993
1986-11-02,A,New England Patriots,17,25,L,,"Foxborough, MA",Sullivan Stadium,60597
1986-11-09,H,New York Jets,14,28,L,,"Atlanta, GA",Atlanta-Fulton County Stadium,53476
1986-11-16,H,Chicago Bears,10,13,L,,"Atlanta, GA",Atlanta-Fulton County Stadium,55520
1986-11-23,A,San Francisco 49ers,0,20,L,,"San Francisco, CA",Candlestick Park,58747
1986-11-30,A,Miami Dolphins,20,14,W,,"Miami, FL",Orange Bowl,53762
1986-12-07,H,Indianapolis Colts,23,28,L,,"Atlanta, GA",Atlanta-Fulton County Stadium,30397
1986-12-14,H,New Orleans Saints,9,14,L,,"Atlanta, GA",Atlanta-Fulton County Stadium,39994
1986-12-21,A,Detroit Lions,20,6,W,,"Pontiac, MI",Pontiac Silverdome,35255
1987-08-15,H,Buffalo Bills,19,14,W,,"Atlanta, GA",Atlanta-Fulton County Stadium,31166
1987-08-22,A,Kansas City Chiefs,10,13,L,,"Kansas City, MO",Arrowhead Stadium,39164
1987-08-29,H,Cleveland Browns,3,23,L,,"Atlanta, GA",Atlanta-Fulton County Stadium,35960
1987-09-04,N,New England Patriots,13,14,L,,"Jacksonville, FL",Gator Bowl,52508
1987-09-13,A,Tampa Bay Buccaneers,10,48,L,,"Tampa, FL",Tampa Stadium,51250
1987-09-20,H,Washington Redskins,21,20,W,,"Atlanta, GA",Atlanta-Fulton County Stadium,63567
1987-09-27,A,New Orleans Saints,,,-,,"New Orleans, LA",Louisiana Superdome,
1987-10-04,H,Pittsburgh Steelers,12,28,L,,"Atlanta, GA",Atlanta-Fulton County Stadium,16667
1987-10-11,H,San Francisco 49ers,17,25,L,,"Atlanta, GA",Atlanta-Fulton County Stadium,8684
1987-10-18,H,Los Angeles Rams,24,20,W,,"Atlanta, GA",Atlanta-Fulton County Stadium,15813
1987-10-25,A,Houston Oilers,33,37,L,,"Houston, TX",Astrodome,29062
1987-11-01,H,New Orleans Saints,0,38,L,,"Atlanta, GA",Atlanta-Fulton County Stadium,42196
1987-11-08,A,Cleveland Browns,3,38,L,,"Cleveland, OH",Cleveland Stadium,71135
1987-11-15,H,Cincinnati Bengals,10,16,L,,"Atlanta, GA",Atlanta-Fulton County Stadium,25758
1987-11-22,A,Minnesota Vikings,13,24,L,,"Minneapolis, MN",Metrodome,53866
1987-11-29,H,St. Louis Cardinals,21,34,L,,"Atlanta, GA",Atlanta-Fulton County Stadium,15909
1987-12-06,A,Dallas Cowboys,21,10,W,,"Irving, TX",Texas Stadium,40103
1987-12-13,A,Los Angeles Rams,0,33,L,,"Anaheim, CA",Anaheim Stadium,43310
1987-12-20,A,San Francisco 49ers,7,35,L,,"San Francisco, CA",Candlestick Park,54275
1987-12-27,H,Detroit Lions,13,30,L,,"Atlanta, GA",Atlanta-Fulton County Stadium,13906
1988-08-06,A,New England Patriots,34,30,W,,"Foxborough, MA",Sullivan Stadium,32949
1988-08-13,H,Kansas City Chiefs,13,27,L,,"Atlanta, GA",Atlanta-Fulton County Stadium,23369
1988-08-20,H,Tampa Bay Buccaneers,19,14,W,,"Atlanta, GA",Atlanta-Fulton County Stadium,18141
1988-08-27,N,Washington Redskins,17,34,L,,"Birmingham, AL",Legion Field,51400
1988-09-04,A,Detroit Lions,17,31,L,,"Pontiac, MI",Pontiac Silverdome,31075
1988-09-11,H,New Orleans Saints,21,29,L,,"Atlanta, GA",Atlanta-Fulton County Stadium,48901
1988-09-18,A,San Francisco 49ers,34,17,W,,"San Francisco, CA",Candlestick Park,60168
1988-09-25,A,Dallas Cowboys,20,26,L,,"Irving, TX",Texas Stadium,39702
1988-10-02,H,Seattle Seahawks,20,31,L,,"Atlanta, GA",Atlanta-Fulton County Stadium,28619
1988-10-09,H,Los Angeles Rams,0,33,L,,"Atlanta, GA",Atlanta-Fulton County Stadium,30852
1988-10-16,A,Denver Broncos,14,30,L,,"Denver, CO",Mile High Stadium,75287
1988-10-23,H,New York Giants,16,23,L,,"Atlanta, GA",Atlanta-Fulton County Stadium,45092
1988-10-30,A,Philadelphia Eagles,27,24,W,,"Philadelphia, PA",Veterans Stadium,60091
1988-11-06,H,Green Bay Packers,20,0,W,,"Atlanta, GA",Atlanta-Fulton County Stadium,29952
1988-11-13,H,San Diego Chargers,7,10,L,,"Atlanta, GA",Atlanta-Fulton County Stadium,26329
1988-11-20,A,Los Angeles Raiders,12,6,W,,"Los Angeles, CA",Memorial Coliseum,40967
1988-11-27,H,Tampa Bay Buccaneers,17,10,W,,"Atlanta, GA",Atlanta-Fulton County Stadium,14020
1988-12-04,H,San Francisco 49ers,3,13,L,,"Atlanta, GA",Atlanta-Fulton County Stadium,44048
1988-12-11,A,Los Angeles Rams,7,22,L,,"Anaheim, CA",Anaheim Stadium,42828
1988-12-18,A,New Orleans Saints,9,10,L,,"New Orleans, LA",Louisiana Superdome,60566
1989-08-12,A,Philadelphia Eagles,17,23,L,,"Philadelphia, PA",Veterans Stadium,40145
1989-08-19,A,Tampa Bay Buccaneers,0,27,L,,"Tampa, FL",Tampa Stadium,28330
1989-08-26,H,New England Patriots,7,23,L,,"Atlanta, GA",Atlanta-Fulton County Stadium,21118
1989-09-01,N,Buffalo Bills,38,17,W,,"Jacksonville, FL",Gator Bowl,41813
1989-09-10,H,Los Angeles Rams,21,31,L,,"Atlanta, GA",Atlanta-Fulton County Stadium,38708
1989-09-17,H,Dallas Cowboys,27,21,W,,"Atlanta, GA",Atlanta-Fulton County Stadium,55825
1989-09-24,A,Indianapolis Colts,9,13,L,,"Indianapolis, IN",Hoosier Dome,57816
1989-10-01,A,Green Bay Packers,21,23,L,,"Milwaukee, WI",County Stadium,54647
1989-10-08,A,Los Angeles Rams,14,26,L,,"Anaheim, CA",Anaheim Stadium,52182
1989-10-15,H,New England Patriots,16,15,W,,"Atlanta, GA",Atlanta-Fulton County Stadium,39697
1989-10-22,A,Phoenix Cardinals,20,34,L,,"Tempe, AZ",Sun Devil Stadium,33894
1989-10-29,A,New Orleans Saints,13,20,L,,"New Orleans, LA",Louisiana Superdome,65153
1989-11-05,H,Buffalo Bills,30,28,W,,"Atlanta, GA",Atlanta-Fulton County Stadium,45267
1989-11-12,A,San Francisco 49ers,3,45,L,,"San Francisco, CA",Candlestick Park,59914
1989-11-19,H,New Orleans Saints,17,26,L,,"Atlanta, GA",Atlanta-Fulton County Stadium,53173
1989-11-26,A,New York Jets,7,27,L,,"East Rutherford, NJ",Giants Stadium,40429
1989-12-03,H,San Francisco 49ers,10,23,L,,"Atlanta, GA",Atlanta-Fulton County Stadium,43128
1989-12-10,A,Minnesota Vikings,17,43,L,,"Minneapolis, MN",Metrodome,58116
1989-12-17,H,Washington Redskins,30,31,L,,"Atlanta, GA",Atlanta-Fulton County Stadium,37501
1989-12-24,H,Detroit Lions,24,31,L,,"Atlanta, GA",Atlanta-Fulton County Stadium,7092
1990-08-11,N,Washington Redskins,31,27,W,,"Chapel Hill, NC",Kenan Stadium,52036
1990-08-18,H,Cincinnati Bengals,34,17,W,,"Atlanta, GA",Atlanta-Fulton County Stadium,43472
1990-08-25,A,Green Bay Packers,17,14,W,,"Milwaukee, WI",County Stadium,51069
1990-08-31,A,New England Patriots,45,14,W,,"Foxborough, MA",Foxboro Stadium,24106
1990-09-09,H,Houston Oilers,47,27,W,,"Atlanta, GA",Atlanta-Fulton County Stadium,56222
1990-09-16,A,Detroit Lions,14,21,L,,"Pontiac, MI",Pontiac Silverdome,48961
1990-09-23,A,San Francisco 49ers,13,19,L,,"San Francisco, CA",Candlestick Park,62858
1990-10-07,H,New Orleans Saints,28,27,W,,"Atlanta, GA",Atlanta-Fulton County Stadium,57401
1990-10-14,H,San Francisco 49ers,35,45,L,,"Atlanta, GA",Atlanta-Fulton County Stadium,57921
1990-10-21,A,Los Angeles Rams,24,44,L,,"Anaheim, CA",Anaheim Stadium,54761
1990-10-28,H,Cincinnati Bengals,38,17,W,,"Atlanta, GA",Atlanta-Fulton County Stadium,53214
1990-11-04,A,Pittsburgh Steelers,9,21,L,,"Pittsburgh, PA",Three Rivers Stadium,57093
1990-11-11,A,Chicago Bears,24,30,L,,"Chicago, IL",Soldier Field,62855
1990-11-18,H,Philadelphia Eagles,23,24,L,,"Atlanta, GA",Atlanta-Fulton County Stadium,53755
1990-11-25,A,New Orleans Saints,7,10,L,,"New Orleans, LA",Louisiana Superdome,68629
1990-12-02,A,Tampa Bay Buccaneers,17,23,L,,"Tampa, FL",Tampa Stadium,42839
1990-12-09,H,Phoenix Cardinals,13,24,L,,"Atlanta, GA",Atlanta-Fulton County Stadium,36222
1990-12-16,A,Cleveland Browns,10,13,L,,"Cleveland, OH",Cleveland Stadium,46536
1990-12-23,H,Los Angeles Rams,20,13,W,,"Atlanta, GA",Atlanta-Fulton County Stadium,30021
1990-12-30,H,Dallas Cowboys,26,7,W,,"Atlanta, GA",Atlanta-Fulton County Stadium,50097
1991-08-03,N,Los Angeles Rams,38,17,W,,"Jacksonville, FL",Gator Bowl,66531
1991-08-09,A,Houston Oilers,36,7,W,,"Houston, TX",Astrodome,52140
1991-08-17,H,Tampa Bay Buccaneers,7,12,L,,"Atlanta, GA",Atlanta-Fulton County Stadium,41983
1991-08-23,A,Dallas Cowboys,17,20,L,OT,"Irving, TX",Texas Stadium,53689
1991-09-01,A,Kansas City Chiefs,3,14,L,,"Kansas City, MO",Arrowhead Stadium,74246
1991-09-08,H,Minnesota Vikings,19,20,L,,"Atlanta, GA",Atlanta-Fulton County Stadium,50936
1991-09-15,A,San Diego Chargers,13,10,W,,"San Diego, CA",Jack Murphy Stadium,44804
1991-09-22,H,Los Angeles Raiders,21,17,W,,"Atlanta, GA",Atlanta-Fulton County Stadium,53615
1991-09-29,H,New Orleans Saints,6,27,L,,"Atlanta, GA",Atlanta-Fulton County Stadium,56556
1991-10-13,A,San Francisco 49ers,39,34,W,,"San Francisco, CA",Candlestick Park,57343
1991-10-20,A,Phoenix Cardinals,10,16,L,,"Tempe, AZ",Sun Devil Stadium,29804
1991-10-27,H,Los Angeles Rams,31,14,W,,"Atlanta, GA",Atlanta-Fulton County Stadium,50187
1991-11-03,H,San Francisco 49ers,17,14,W,,"Atlanta, GA",Atlanta-Fulton County Stadium,51259
1991-11-10,A,Washington Redskins,17,56,L,,"Washington, DC",RFK Stadium,52641
1991-11-17,H,Tampa Bay Buccaneers,43,7,W,,"Atlanta, GA",Atlanta-Fulton County Stadium,41274
1991-11-24,A,New Orleans Saints,23,20,W,,"New Orleans, LA",Louisiana Superdome,68591
1991-12-01,H,Green Bay Packers,35,31,W,,"Atlanta, GA",Atlanta-Fulton County Stadium,43270
1991-12-08,A,Los Angeles Rams,31,14,W,,"Anaheim, CA",Anaheim Stadium,35315
1991-12-15,H,Seattle Seahawks,26,13,W,,"Atlanta, GA",Atlanta-Fulton County Stadium,55834
1991-12-22,A,Dallas Cowboys,27,31,L,,"Irving, TX",Texas Stadium,60962
1991-12-28,A,New Orleans Saints,27,20,W,,"New Orleans, LA",Louisiana Superdome,68794
1992-01-04,A,Washington Redskins,7,24,L,,"Washington, DC",RFK Stadium,55181
1992-08-08,A,Cleveland Browns,0,7,L,,"Cleveland, OH",Cleveland Stadium,59566
1992-08-15,A,Tampa Bay Buccaneers,28,40,L,,"Tampa, FL",Tampa Stadium,37000
1992-08-23,H,Philadelphia Eagles,20,10,W,,"Atlanta, GA",Georgia Dome,66834
1992-08-28,H,Buffalo Bills,21,27,L,,"Atlanta, GA",Georgia Dome,62565
1992-09-06,H,New York Jets,20,17,W,,"Atlanta, GA",Georgia Dome,65585
1992-09-13,A,Washington Redskins,17,24,L,,"Washington, DC",RFK Stadium,54343
1992-09-20,H,New Orleans Saints,7,10,L,,"Atlanta, GA",Georgia Dome,67328
1992-09-27,A,Chicago Bears,31,41,L,,"Chicago, IL",Soldier Field,63528
1992-10-04,H,Green Bay Packers,24,10,W,,"Atlanta, GA",Georgia Dome,63769
1992-10-11,A,Miami Dolphins,17,21,L,,"Miami-Dade County, FL",Joe Robbie Stadium,68633
1992-10-18,A,San Francisco 49ers,17,56,L,,"San Francisco, CA",Candlestick Park,63302
1992-11-01,H,Los Angeles Rams,30,28,W,,"Atlanta, GA",Georgia Dome,62168
1992-11-09,H,San Francisco 49ers,3,41,L,,"Atlanta, GA",Georgia Dome,67404
1992-11-15,H,Phoenix Cardinals,20,17,W,,"Atlanta, GA",Georgia Dome,58477
1992-11-22,A,Buffalo Bills,14,41,L,,"Orchard Park, NY",Rich Stadium,80004
1992-11-29,H,New England Patriots,34,0,W,,"Atlanta, GA",Georgia Dome,54494
1992-12-03,A,New Orleans Saints,14,22,L,,"New Orleans, LA",Louisiana Superdome,68591
1992-12-13,A,Tampa Bay Buccaneers,35,7,W,,"Tampa, FL",Tampa Stadium,38208
1992-12-21,H,Dallas Cowboys,17,41,L,,"Atlanta, GA",Georgia Dome,67036
1992-12-27,A,Los Angeles Rams,27,38,L,,"Anaheim, CA",Anaheim Stadium,37706
1993-08-06,H,Miami Dolphins,27,28,L,,"Atlanta, GA",Georgia Dome,51798
1993-08-14,H,Tampa Bay Buccaneers,20,10,W,,"Atlanta, GA",Georgia Dome,49108
1993-08-21,A,Philadelphia Eagles,20,37,L,,"Philadelphia, PA",Veterans Stadium,54425
1993-08-27,A,Buffalo Bills,16,17,L,,"Orchard Park, NY",Rich Stadium,51232
1993-09-05,A,Detroit Lions,13,30,L,,"Pontiac, MI",Pontiac Silverdome,56216
1993-09-12,H,New Orleans Saints,31,34,L,,"Atlanta, GA",Georgia Dome,64287
1993-09-19,A,San Francisco 49ers,30,37,L,,"San Francisco, CA",Candlestick Park,63032
1993-09-27,H,Pittsburgh Steelers,17,45,L,,"Atlanta, GA",Georgia Dome,65477
1993-10-03,A,Chicago Bears,0,6,L,,"Chicago, IL",Soldier Field,57441
1993-10-14,H,Los Angeles Rams,30,24,W,,"Atlanta, GA",Georgia Dome,45231
1993-10-24,A,New Orleans Saints,26,15,W,,"New Orleans, LA",Louisiana Superdome,69043
1993-10-31,H,Tampa Bay Buccaneers,24,31,L,,"Atlanta, GA",Georgia Dome,50647
1993-11-14,A,Los Angeles Rams,13,0,W,,"Anaheim, CA",Anaheim Stadium,37073
1993-11-21,H,Dallas Cowboys,27,14,W,,"Atlanta, GA",Georgia Dome,71253
1993-11-28,H,Cleveland Browns,17,14,W,,"Atlanta, GA",Georgia Dome,54510
1993-12-05,A,Houston Oilers,17,33,L,,"Houston, TX",Astrodome,58186
1993-12-11,H,San Francisco 49ers,27,24,W,,"Atlanta, GA",Georgia Dome,64688
1993-12-19,A,Washington Redskins,17,30,L,,"Washington, DC",RFK Stadium,50192
1993-12-26,A,Cincinnati Bengals,17,21,L,,"Cincinnati, OH",Riverfront Stadium,27014
1994-01-02,H,Phoenix Cardinals,10,27,L,,"Atlanta, GA",Georgia Dome,44360
1994-07-30,N,San Diego Chargers,21,17,W,,"Canton, OH",Fawcett Stadium,23185
1994-08-06,A,Denver Broncos,16,37,L,,"Denver, CO",Mile High Stadium,72231
1994-08-12,H,Buffalo Bills,27,7,W,,"Atlanta, GA",Georgia Dome,46595
1994-08-19,A,Cleveland Browns,7,28,L,,"Cleveland, OH",Cleveland Stadium,51602
1994-08-26,H,Philadelphia Eagles,20,12,W,,"Atlanta, GA",Georgia Dome,40780
1994-09-04,A,Detroit Lions,28,31,L,,"Pontiac, MI",Pontiac Silverdome,60740
1994-09-11,H,Los Angeles Rams,31,13,W,,"Atlanta, GA",Georgia Dome,55378
1994-09-18,H,Kansas City Chiefs,10,30,L,,"Atlanta, GA",Georgia Dome,67357
1994-09-25,A,Washington Redskins,27,20,W,,"Washington, DC",RFK Stadium,53238
1994-10-02,A,Los Angeles Rams,8,5,W,,"Anaheim, CA",Anaheim Stadium,34599
1994-10-09,H,Tampa Bay Buccaneers,34,13,W,,"Atlanta, GA",Georgia Dome,52633
1994-10-16,H,San Francisco 49ers,3,42,L,,"Atlanta, GA",Georgia Dome,67298
1994-10-23,A,Los Angeles Raiders,17,30,L,,"Los Angeles, CA",Memorial Coliseum,42192
1994-11-06,H,San Diego Chargers,10,9,W,,"Atlanta, GA",Georgia Dome,59217
1994-11-13,A,New Orleans Saints,32,33,L,,"New Orleans, LA",Louisiana Superdome,60313
1994-11-20,A,Denver Broncos,28,32,L,,"Denver, CO",Mile High Stadium,70594
1994-11-27,H,Philadelphia Eagles,28,21,W,,"Atlanta, GA",Georgia Dome,60008
1994-12-04,A,San Francisco 49ers,14,50,L,,"San Francisco, CA",Candlestick Park,60549
1994-12-11,H,New Orleans Saints,20,29,L,,"Atlanta, GA",Georgia Dome,61307
1994-12-18,A,Green Bay Packers,17,21,L,,"Milwaukee, WI",County Stadium,54885
1994-12-24,H,Arizona Cardinals,10,6,W,,"Atlanta, GA",Georgia Dome,35311
1995-08-05,A,Philadelphia Eagles,17,25,L,,"Philadelphia, PA",Veterans Stadium,43678
1995-08-11,H,Miami Dolphins,37,0,W,,"Atlanta, GA",Georgia Dome,42579
1995-08-19,H,Cleveland Browns,19,10,W,,"Atlanta, GA",Georgia Dome,41813
1995-08-25,A,Buffalo Bills,14,20,L,,"Orchard Park, NY",Rich Stadium,41765
1995-09-03,H,Carolina Panthers,23,20,W,,"Atlanta, GA",Georgia Dome,58808
1995-09-10,A,San Francisco 49ers,10,41,L,,"San Francisco, CA",Candlestick Park,63627
1995-09-17,A,New Orleans Saints,27,24,W,,"New Orleans, LA",Louisiana Superdome,57442
1995-09-24,H,New York Jets,13,3,W,,"Atlanta, GA",Georgia Dome,40778
1995-10-01,H,New England Patriots,30,17,W,,"Atlanta, GA",Georgia Dome,47114
1995-10-12,A,St. Louis Rams,19,21,L,,"St. Louis, MO",Busch Memorial Stadium,59700
1995-10-22,A,Tampa Bay Buccaneers,24,21,W,,"Tampa, FL",Tampa Stadium,66135
1995-10-29,H,Dallas Cowboys,13,28,L,,"Atlanta, GA",Georgia Dome,70089
1995-11-05,H,Detroit Lions,34,22,W,,"Atlanta, GA",Georgia Dome,49619
1995-11-12,A,Buffalo Bills,17,23,L,,"Orchard Park, NY",Rich Stadium,62690
1995-11-19,H,St. Louis Rams,31,6,W,,"Atlanta, GA",Georgia Dome,46309
1995-11-26,A,Arizona Cardinals,37,40,L,,"Tempe, AZ",Sun Devil Stadium,35147
1995-12-03,A,Miami Dolphins,20,21,L,,"Miami-Dade County, FL",Joe Robbie Stadium,63395
1995-12-10,H,New Orleans Saints,19,14,W,,"Atlanta, GA",Georgia Dome,54603
1995-12-17,A,Carolina Panthers,17,21,L,,"Clemson, SC",Memorial Stadium,53833
1995-12-24,H,San Francisco 49ers,28,27,W,,"Atlanta, GA",Georgia Dome,51785
1995-12-31,A,Green Bay Packers,20,37,L,,"Green Bay, WI",Lambeau Field,60453
1996-08-03,A,Seattle Seahawks,17,19,L,,"Seattle, WA",Kingdome,30284
1996-08-10,A,Tampa Bay Buccaneers,0,16,L,,"Tampa, FL",Houlihan's Stadium,32855
1996-08-15,H,Oakland Raiders,27,6,W,,"Atlanta, GA",Georgia Dome,30553
1996-08-23,H,Arizona Cardinals,31,30,W,,"Atlanta, GA",Georgia Dome,29306
1996-09-01,A,Carolina Panthers,6,29,L,,"Charlotte, NC",Ericsson Stadium,69522
1996-09-08,H,Minnesota Vikings,17,23,L,,"Atlanta, GA",Georgia Dome,42688
1996-09-22,H,Philadelphia Eagles,18,33,L,,"Atlanta, GA",Georgia Dome,40107
1996-09-29,A,San Francisco 49ers,17,39,L,,"San Francisco, CA",3Com Park,62995
1996-10-06,A,Detroit Lions,24,28,L,,"Pontiac, MI",Pontiac Silverdome,58666
1996-10-13,H,Houston Oilers,13,23,L,,"Atlanta, GA",Georgia Dome,35401
1996-10-20,A,Dallas Cowboys,28,32,L,,"Irving, TX",Texas Stadium,64091
1996-10-27,H,Pittsburgh Steelers,17,20,L,,"Atlanta, GA",Georgia Dome,58760
1996-11-03,H,Carolina Panthers,20,17,W,,"Atlanta, GA",Georgia Dome,42726
1996-11-10,A,St. Louis Rams,16,59,L,,"St. Louis, MO",Trans World Dome,58776
1996-11-17,H,New Orleans Saints,17,15,W,,"Atlanta, GA",Georgia Dome,43119
1996-11-24,A,Cincinnati Bengals,31,41,L,,"Cincinnati, OH",Cinergy Field,44868
1996-12-02,H,San Francisco 49ers,10,34,L,,"Atlanta, GA",Georgia Dome,46318
1996-12-08,A,New Orleans Saints,31,15,W,,"New Orleans, LA",Louisiana Superdome,32923
1996-12-15,H,St. Louis Rams,27,34,L,,"Atlanta, GA",Georgia Dome,26519
1996-12-22,A,Jacksonville Jaguars,17,19,L,,"Jacksonville, FL",Municipal Stadium,71449
1997-08-01,A,Detroit Lions,17,20,L,,"Pontiac, MI",Pontiac Silverdome,40425
1997-08-09,H,Tampa Bay Buccaneers,17,12,W,,"Atlanta, GA",Georgia Dome,34219
1997-08-16,H,Washington Redskins,31,35,L,,"Atlanta, GA",Georgia Dome,37984
1997-08-22,A,Jacksonville Jaguars,17,26,L,,"Jacksonville, FL",ALLTEL Stadium,67743
1997-08-31,A,Detroit Lions,17,28,L,,"Pontiac, MI",Pontiac Silverdome,61244
1997-09-07,H,Carolina Panthers,6,9,L,,"Atlanta, GA",Georgia Dome,51829
1997-09-14,H,Oakland Raiders,31,36,L,,"Atlanta, GA",Georgia Dome,47922
1997-09-21,A,San Francisco 49ers,7,34,L,,"San Francisco, CA",3Com Park,60404
1997-09-28,H,Denver Broncos,21,29,L,,"Atlanta, GA",Georgia Dome,48211
1997-10-12,A,New Orleans Saints,23,17,W,,"New Orleans, LA",Louisiana Superdome,65619
1997-10-19,H,San Francisco 49ers,28,35,L,,"Atlanta, GA",Georgia Dome,53378
1997-10-26,A,Carolina Panthers,12,21,L,,"Charlotte, NC",Ericsson Stadium,54675
1997-11-02,H,St. Louis Rams,34,31,W,,"Atlanta, GA",Georgia Dome,36583
1997-11-09,H,Tampa Bay Buccaneers,10,31,L,,"Atlanta, GA",Georgia Dome,46018
1997-11-16,A,St. Louis Rams,27,21,W,,"St. Louis, MO",Trans World Dome,64299
1997-11-23,H,New Orleans Saints,20,3,W,,"Atlanta, GA",Georgia Dome,48620
1997-11-30,A,Seattle Seahawks,24,17,W,,"Seattle, WA",Kingdome,52584
1997-12-07,A,San Diego Chargers,14,3,W,,"San Diego, CA",Qualcomm Stadium,46317
1997-12-14,H,Philadelphia Eagles,20,17,W,,"Atlanta, GA",Georgia Dome,42866
1997-12-21,A,Arizona Cardinals,26,29,L,,"Tempe, AZ",Sun Devil Stadium,32003
1998-08-07,H,Tennessee Oilers,16,31,L,,"Atlanta, GA",Georgia Dome,29313
1998-08-14,A,Detroit Lions,7,3,W,,"Pontiac, MI",Pontiac Silverdome,45479
1998-08-22,N,Pittsburgh Steelers,22,28,L,,"Morgantown, WV",Mountaineer Field,54689
1998-08-28,H,Cincinnati Bengals,17,0,W,,"Atlanta, GA",Georgia Dome,26269
1998-09-06,A,Carolina Panthers,19,14,W,,"Charlotte, NC",Ericsson Stadium,65129
1998-09-13,H,Philadelphia Eagles,17,12,W,,"Atlanta, GA",Georgia Dome,46456
1998-09-27,A,San Francisco 49ers,20,31,L,,"San Francisco, CA",3Com Park,62296
1998-10-04,H,Carolina Panthers,51,23,W,,"Atlanta, GA",Georgia Dome,50724
1998-10-11,A,New York Giants,34,20,W,,"East Rutherford, NJ",Giants Stadium,71173
1998-10-18,H,New Orleans Saints,31,23,W,,"Atlanta, GA",Georgia Dome,60774
1998-10-25,A,New York Jets,3,28,L,,"East Rutherford, NJ",Giants Stadium,71573
1998-11-01,H,St. Louis Rams,37,15,W,,"Atlanta, GA",Georgia Dome,37996
1998-11-08,A,New England Patriots,41,10,W,,"Foxborough, MA",Foxboro Stadium,59790
1998-11-15,H,San Francisco 49ers,31,19,W,,"Atlanta, GA",Georgia Dome,69828
1998-11-22,H,Chicago Bears,20,13,W,,"Atlanta, GA",Georgia Dome,60804
1998-11-29,A,St. Louis Rams,21,10,W,,"St. Louis, MO",Trans World Dome,47971
1998-12-06,H,Indianapolis Colts,28,21,W,,"Atlanta, GA",Georgia Dome,61141
1998-12-13,A,New Orleans Saints,27,17,W,,"New Orleans, LA",Louisiana Superdome,61678
1998-12-20,A,Detroit Lions,24,17,W,,"Pontiac, MI",Pontiac Silverdome,67143
1998-12-27,H,Miami Dolphins,38,16,W,,"Atlanta, GA",Georgia Dome,69754
1999-01-09,H,San Francisco 49ers,20,18,W,,"Atlanta, GA",Georgia Dome,70262
1999-01-17,A,Minnesota Vikings,30,27,W,OT,"Minneapolis, MN",Metrodome,64060
1999-01-31,H,Denver Broncos,19,34,L,,"Miami-Dade County, FL",Pro Player Stadium,74803
1999-08-13,H,Detroit Lions,35,31,W,,"Atlanta, GA",Georgia Dome,56304
1999-08-21,H,Baltimore Ravens,6,19,L,,"Atlanta, GA",Georgia Dome,44843
1999-08-27,A,Tennessee Titans,3,17,L,,"Nashville, TN",Adelphia Coliseum,65729
1999-09-03,A,Cincinnati Bengals,28,16,W,,"Cincinnati, OH",Cinergy Field,39651
1999-09-12,H,Minnesota Vikings,14,17,L,,"Atlanta, GA",Georgia Dome,69555
1999-09-20,A,Dallas Cowboys,7,24,L,,"Irving, TX",Texas Stadium,63663
1999-09-26,A,St. Louis Rams,7,35,L,,"St. Louis, MO",Trans World Dome,63253
1999-10-03,H,Baltimore Ravens,13,19,L,OT,"Atlanta, GA",Georgia Dome,60587
1999-10-10,A,New Orleans Saints,20,17,W,,"New Orleans, LA",Louisiana Superdome,57289
1999-10-17,H,St. Louis Rams,13,41,L,,"Atlanta, GA",Georgia Dome,51973
1999-10-25,A,Pittsburgh Steelers,9,13,L,,"Pittsburgh, PA",Three Rivers Stadium,58141
1999-10-31,H,Carolina Panthers,27,20,W,,"Atlanta, GA",Georgia Dome,52594
1999-11-07,H,Jacksonville Jaguars,7,30,L,,"Atlanta, GA",Georgia Dome,68466
1999-11-21,A,Tampa Bay Buccaneers,10,19,L,,"Tampa, FL",Raymond James Stadium,65158
1999-11-28,A,Carolina Panthers,28,34,L,,"Charlotte, NC",Ericsson Stadium,55507
1999-12-05,H,New Orleans Saints,35,12,W,,"Atlanta, GA",Georgia Dome,62568
1999-12-12,A,San Francisco 49ers,7,26,L,,"San Francisco, CA",3Com Park,67465
1999-12-19,A,Tennessee Titans,17,30,L,,"Nashville, TN",Adelphia Coliseum,66196
1999-12-26,H,Arizona Cardinals,37,14,W,,"Atlanta, GA",Georgia Dome,47074
2000-01-03,H,San Francisco 49ers,34,29,W,,"Atlanta, GA",Georgia Dome,57980
2000-07-29,A,Indianapolis Colts,20,13,W,,"Indianapolis, IN",RCA Dome,47985
2000-08-06,N,Dallas Cowboys,20,9,W,,"Tokyo, Japan",Tokyo Dome,42178
2000-08-11,H,Cincinnati Bengals,31,16,W,,"Atlanta, GA",Georgia Dome,38346
2000-08-18,H,San Diego Chargers,14,28,L,,"Atlanta, GA",Georgia Dome,38384
2000-08-24,A,Jacksonville Jaguars,31,20,W,,"Jacksonville, FL",ALLTEL Stadium,55946
2000-09-03,H,San Francisco 49ers,36,28,W,,"Atlanta, GA",Georgia Dome,54626
2000-09-10,A,Denver Broncos,14,42,L,,"Denver, CO",Mile High Stadium,73214
2000-09-17,A,Carolina Panthers,15,10,W,,"Charlotte, NC",Ericsson Stadium,66498
2000-09-24,H,St. Louis Rams,20,41,L,,"Atlanta, GA",Georgia Dome,58761
2000-10-01,A,Philadelphia Eagles,10,38,L,,"Philadelphia, PA",Veterans Stadium,65424
2000-10-08,H,New York Giants,6,13,L,,"Atlanta, GA",Georgia Dome,50947
2000-10-15,A,St. Louis Rams,29,45,L,,"St. Louis, MO",Trans World Dome,66019
2000-10-22,H,New Orleans Saints,19,21,L,,"Atlanta, GA",Georgia Dome,56508
2000-10-29,H,Carolina Panthers,13,12,W,,"Atlanta, GA",Georgia Dome,46178
2000-11-05,H,Tampa Bay Buccaneers,14,27,L,,"Atlanta, GA",Georgia Dome,70097
2000-11-12,A,Detroit Lions,10,13,L,,"Pontiac, MI",Pontiac Silverdome,74309
2000-11-19,A,San Francisco 49ers,6,16,L,,"San Francisco, CA",3Com Park,67447
2000-11-26,A,Oakland Raiders,14,41,L,,"Oakland, CA",Network Associates Coliseum,55175
2000-12-03,H,Seattle Seahawks,10,30,L,,"Atlanta, GA",Georgia Dome,44680
2000-12-17,A,New Orleans Saints,7,23,L,,"New Orleans, LA",Louisiana Superdome,64900
2000-12-24,H,Kansas City Chiefs,29,13,W,,"Atlanta, GA",Georgia Dome,41017
2001-08-03,H,Pittsburgh Steelers,16,17,L,,"Atlanta, GA",Georgia Dome,44275
2001-08-11,A,New York Jets,20,10,W,,"East Rutherford, NJ",Giants Stadium,76658
2001-08-17,A,Washington Redskins,27,6,W,,"Landover, MD",FedExField,67211
2001-08-31,H,Tampa Bay Buccaneers,36,7,W,,"Atlanta, GA",Georgia Dome,44162
2001-09-09,A,San Francisco 49ers,13,16,L,OT,"San Francisco, CA",3Com Park,65989
2001-09-23,H,Carolina Panthers,24,16,W,,"Atlanta, GA",Georgia Dome,47807
2001-09-30,A,Arizona Cardinals,34,14,W,,"Tempe, AZ",Sun Devil Stadium,28878
2001-10-07,H,Chicago Bears,3,31,L,,"Atlanta, GA",Georgia Dome,46483
2001-10-14,H,San Francisco 49ers,31,37,L,OT,"Atlanta, GA",Georgia Dome,46727
2001-10-21,A,New Orleans Saints,20,13,W,,"New Orleans, LA",Louisiana Superdome,70020
2001-11-04,H,New England Patriots,10,24,L,,"Atlanta, GA",Georgia Dome,44229
2001-11-11,H,Dallas Cowboys,20,13,W,,"Atlanta, GA",Georgia Dome,69010
2001-11-18,A,Green Bay Packers,23,20,W,,"Green Bay, WI",Lambeau Field,59849
2001-11-25,A,Carolina Panthers,10,7,W,,"Charlotte, NC",Ericsson Stadium,72234
2001-12-02,H,St. Louis Rams,6,35,L,,"Atlanta, GA",Georgia Dome,59318
2001-12-09,H,New Orleans Saints,10,28,L,,"Atlanta, GA",Georgia Dome,68826
2001-12-16,A,Indianapolis Colts,27,41,L,,"Indianapolis, IN",RCA Dome,55603
2001-12-23,H,Buffalo Bills,33,30,W,,"Atlanta, GA",Georgia Dome,43320
2001-12-30,A,Miami Dolphins,14,21,L,,"Miami-Dade County, FL",Pro Player Stadium,73559
2002-01-06,A,St. Louis Rams,13,31,L,,"St. Louis, MO",Dome at America's Center,66033
2002-08-09,H,Jacksonville Jaguars,23,13,W,,"Atlanta, GA",Georgia Dome,43264
2002-08-17,H,New York Giants,36,24,W,,"Atlanta, GA",Georgia Dome,67204
2002-08-24,A,Dallas Cowboys,21,19,W,,"Irving, TX",Texas Stadium,62942
2002-08-29,A,Cincinnati Bengals,27,14,W,,"Cincinnati, OH",Paul Brown Stadium,40530
2002-09-08,A,Green Bay Packers,34,37,L,,"Green Bay, WI",Lambeau Field,63127
2002-09-15,H,Chicago Bears,13,14,L,,"Atlanta, GA",Georgia Dome,68081
2002-09-22,H,Cincinnati Bengals,30,3,W,,"Atlanta, GA",Georgia Dome,68129
2002-10-06,H,Tampa Bay Buccaneers,6,20,L,,"Atlanta, GA",Georgia Dome,68936
2002-10-13,A,New York Giants,17,10,W,,"East Rutherford, NJ",Giants Stadium,78728
2002-10-20,H,Carolina Panthers,30,0,W,,"Atlanta, GA",Georgia Dome,68056
2002-10-27,A,New Orleans Saints,37,35,W,,"New Orleans, LA",Louisiana Superdome,67883
2002-11-03,H,Baltimore Ravens,20,17,W,,"Atlanta, GA",Georgia Dome,68532
2002-11-10,A,Pittsburgh Steelers,34,34,T,OT,"Pittsburgh, PA",Heinz Field,62779
2002-11-17,H,New Orleans Saints,24,17,W,,"Atlanta, GA",Georgia Dome,70382
2002-11-24,A,Carolina Panthers,41,0,W,,"Charlotte, NC",Ericsson Stadium,60168
2002-12-01,A,Minnesota Vikings,30,24,W,OT,"Minneapolis, MN",Metrodome,63947
2002-12-08,A,Tampa Bay Buccaneers,10,34,L,,"Tampa, FL",Raymond James Stadium,65648
2002-12-15,H,Seattle Seahawks,24,30,L,OT,"Atlanta, GA",Georgia Dome,69551
2002-12-22,H,Detroit Lions,36,15,W,,"Atlanta, GA",Georgia Dome,69307
2002-12-29,A,Cleveland Browns,16,24,L,,"Cleveland, OH",Cleveland Browns Stadium,73528
2003-01-04,A,Green Bay Packers,27,7,W,,"Green Bay, WI",Lambeau Field,65358
2003-01-11,A,Philadelphia Eagles,6,20,L,,"Philadelphia, PA",Veterans Stadium,66452
2003-08-09,H,Green Bay Packers,21,27,L,,"Atlanta, GA",Georgia Dome,68818
2003-08-16,H,Baltimore Ravens,10,13,L,,"Atlanta, GA",Georgia Dome,68237
2003-08-22,A,Miami Dolphins,21,30,L,,"Miami Gardens, FL",Pro Player Stadium,59093
2003-08-28,A,Cleveland Browns,9,20,L,,"Cleveland, OH",Cleveland Browns Stadium,69618
2003-09-07,A,Dallas Cowboys,27,13,W,,"Irving, TX",Texas Stadium,64104
2003-09-14,H,Washington Redskins,31,33,L,,"Atlanta, GA",Georgia Dome,70241
2003-09-21,H,Tampa Bay Buccaneers,10,31,L,,"Atlanta, GA",Georgia Dome,70871
2003-09-28,A,Carolina Panthers,3,23,L,,"Charlotte, NC",Ericsson Stadium,72765
2003-10-05,H,Minnesota Vikings,26,39,L,,"Atlanta, GA",Georgia Dome,70427
2003-10-13,A,St. Louis Rams,0,36,L,,"St. Louis, MO",Edward Jones Dome,66075
2003-10-19,H,New Orleans Saints,17,45,L,,"Atlanta, GA",Georgia Dome,70837
2003-11-02,H,Philadelphia Eagles,16,23,L,,"Atlanta, GA",Georgia Dome,70064
2003-11-09,A,New York Giants,27,7,W,,"East Rutherford, NJ",Giants Stadium,78813
2003-11-16,A,New Orleans Saints,20,23,L,OT,"New Orleans, LA",Louisiana Superdome,68432
2003-11-23,H,Tennessee Titans,31,38,L,,"Atlanta, GA",Georgia Dome,70891
2003-11-30,A,Houston Texans,13,17,L,,"Houston, TX",Reliant Stadium,70388
2003-12-07,H,Carolina Panthers,20,14,W,OT,"Atlanta, GA",Georgia Dome,70079
2003-12-14,A,Indianapolis Colts,7,38,L,,"Indianapolis, IN",RCA Dome,57103
2003-12-20,A,Tampa Bay Buccaneers,30,28,W,,"Tampa, FL",Raymond James Stadium,65572
2003-12-28,H,Jacksonville Jaguars,21,14,W,,"Atlanta, GA",Georgia Dome,70266
2004-08-12,A,Baltimore Ravens,0,24,L,,"Baltimore, MD",M&T Bank Stadium,69299
2004-08-20,H,Minnesota Vikings,27,24,W,,"Atlanta, GA",Georgia Dome,70623
2004-08-28,H,Cincinnati Bengals,37,10,W,,"Atlanta, GA",Georgia Dome,70331
2004-09-03,A,Washington Redskins,0,27,L,,"Landover, MD",FedExField,72892
2004-09-12,A,San Francisco 49ers,21,19,W,,"San Francisco, CA",3Com Park,65584
2004-09-19,H,St. Louis Rams,34,17,W,,"Atlanta, GA",Georgia Dome,70822
2004-09-26,H,Arizona Cardinals,6,3,W,,"Atlanta, GA",Georgia Dome,70534
2004-10-03,A,Carolina Panthers,27,10,W,,"Charlotte, NC",Bank of America Stadium,73461
2004-10-10,H,Detroit Lions,10,17,L,,"Atlanta, GA",Georgia Dome,70434
2004-10-17,H,San Diego Chargers,21,20,W,,"Atlanta, GA",Georgia Dome,70187
2004-10-24,A,Kansas City Chiefs,10,56,L,,"Kansas City, MO",Arrowhead Stadium,78260
2004-10-31,A,Denver Broncos,41,28,W,,"Denver, CO",INVESCO Field,75083
2004-11-14,H,Tampa Bay Buccaneers,24,14,W,,"Atlanta, GA",Georgia Dome,70810
2004-11-21,A,New York Giants,14,10,W,,"East Rutherford, NJ",Giants Stadium,78793
2004-11-28,H,New Orleans Saints,24,21,W,,"Atlanta, GA",Georgia Dome,70521
2004-12-05,A,Tampa Bay Buccaneers,0,27,L,,"Tampa, FL",Raymond James Stadium,65556
2004-12-12,H,Oakland Raiders,35,10,W,,"Atlanta, GA",Georgia Dome,70616
2004-12-18,H,Carolina Panthers,34,31,W,OT,"Atlanta, GA",Georgia Dome,70845
2004-12-26,A,New Orleans Saints,13,26,L,,"New Orleans, LA",Louisiana Superdome,64900
2005-01-02,A,Seattle Seahawks,26,28,L,,"Seattle, WA",Seahawks Stadium,66740
2005-01-15,H,St. Louis Rams,47,17,W,,"Atlanta, GA",Georgia Dome,70709
2005-01-23,A,Philadelphia Eagles,10,27,L,,"Philadelphia, PA",Lincoln Financial Field,67717
2005-08-06,N,Indianapolis Colts,27,21,W,,"Tokyo, Japan",Tokyo Dome,45203
2005-08-13,H,Baltimore Ravens,16,3,W,,"Atlanta, GA",Georgia Dome,67123
2005-08-19,H,Tennessee Titans,21,24,L,,"Atlanta, GA",Georgia Dome,69327
2005-08-25,A,Jacksonville Jaguars,23,7,W,,"Jacksonville, FL",ALLTEL Stadium,60596
2005-09-01,A,Miami Dolphins,20,17,W,,"Miami Gardens, FL",Dolphins Stadium,71616
2005-09-12,H,Philadelphia Eagles,14,10,W,,"Atlanta, GA",Georgia Dome,70806
2005-09-18,A,Seattle Seahawks,18,21,L,,"Seattle, WA",Qwest Field,66030
2005-09-25,A,Buffalo Bills,24,16,W,,"Orchard Park, NY",Ralph Wilson Stadium,72032
2005-10-02,H,Minnesota Vikings,30,10,W,,"Atlanta, GA",Georgia Dome,69552
2005-10-09,H,New England Patriots,28,31,L,,"Atlanta, GA",Georgia Dome,71079
2005-10-16,A,New Orleans Saints,34,31,W,,"San Antonio, TX",Alamodome,65562
2005-10-24,H,New York Jets,27,14,W,,"Atlanta, GA",Georgia Dome,70995
2005-11-06,A,Miami Dolphins,17,10,W,,"Miami Gardens, FL",Dolphins Stadium,72187
2005-11-13,H,Green Bay Packers,25,33,L,,"Atlanta, GA",Georgia Dome,71001
2005-11-20,H,Tampa Bay Buccaneers,27,30,L,,"Atlanta, GA",Georgia Dome,70794
2005-11-24,A,Detroit Lions,27,7,W,,"Detroit, MI",Ford Field,62390
2005-12-04,A,Carolina Panthers,6,24,L,,"Charlotte, NC",Bank of America Stadium,73661
2005-12-12,H,New Orleans Saints,36,17,W,,"Atlanta, GA",Georgia Dome,70083
2005-12-18,A,Chicago Bears,3,16,L,,"Chicago, IL",Soldier Field,62170
2005-12-24,A,Tampa Bay Buccaneers,24,27,L,OT,"Tampa, FL",Raymond James Stadium,65482
2006-01-01,H,Carolina Panthers,11,44,L,,"Atlanta, GA",Georgia Dome,70796
2006-08-11,H,New England Patriots,26,23,W,,"Atlanta, GA",Georgia Dome,69283
2006-08-19,A,Green Bay Packers,10,38,L,,"Green Bay, WI",Lambeau Field,69845
2006-08-26,A,Tennessee Titans,20,6,W,,"Nashville, TN",LP Field,69143
2006-08-31,H,Jacksonville Jaguars,17,20,L,,"Atlanta, GA",Georgia Dome,70616
2006-09-10,A,Carolina Panthers,20,6,W,,"Charlotte, NC",Bank of America Stadium,73522
2006-09-17,H,Tampa Bay Buccaneers,14,3,W,,"Atlanta, GA",Georgia Dome,70828
2006-09-25,A,New Orleans Saints,3,23,L,,"New Orleans, LA",Louisiana Superdome,70003
2006-10-01,H,Arizona Cardinals,32,10,W,,"Atlanta, GA",Georgia Dome,68981
2006-10-15,H,New York Giants,14,27,L,,"Atlanta, GA",Georgia Dome,70840
2006-10-22,H,Pittsburgh Steelers,41,38,W,OT,"Atlanta, GA",Georgia Dome,71151
2006-10-29,A,Cincinnati Bengals,29,27,W,,"Cincinnati, OH",Paul Brown Stadium,65978
2006-11-05,A,Detroit Lions,14,30,L,,"Detroit, MI",Ford Field,60987
2006-11-12,H,Cleveland Browns,13,17,L,,"Atlanta, GA",Georgia Dome,70793
2006-11-19,A,Baltimore Ravens,10,24,L,,"Baltimore, MD",M&T Bank Stadium,70790
2006-11-26,H,New Orleans Saints,13,31,L,,"Atlanta, GA",Georgia Dome,70933
2006-12-03,A,Washington Redskins,24,14,W,,"Landover, MD",FedExField,86436
2006-12-10,A,Tampa Bay Buccaneers,17,6,W,,"Tampa, FL",Raymond James Stadium,65691
2006-12-16,H,Dallas Cowboys,28,38,L,,"Atlanta, GA",Georgia Dome,71102
2006-12-24,H,Carolina Panthers,3,10,L,,"Atlanta, GA",Georgia Dome,68834
2006-12-31,A,Philadelphia Eagles,17,24,L,,"Philadelphia, PA",Lincoln Financial Field,69341
2007-08-10,A,New York Jets,16,31,L,,"East Rutherford, NJ",Giants Stadium,75767
2007-08-17,A,Buffalo Bills,13,10,W,,"Orchard Park, NY",Ralph Wilson Stadium,50577
2007-08-27,H,Cincinnati Bengals,24,19,W,,"Atlanta, GA",Georgia Dome,65525
2007-08-31,H,Baltimore Ravens,13,10,W,,"Atlanta, GA",Georgia Dome,71377
2007-09-09,A,Minnesota Vikings,3,24,L,,"Minneapolis, MN",Hubert H. Humphrey Metrodome,62815
2007-09-16,A,Jacksonville Jaguars,7,13,L,,"Jacksonville, FL",Jacksonville Municipal Stadium,61821
2007-09-23,H,Carolina Panthers,20,27,L,,"Atlanta, GA",Georgia Dome,68175
2007-09-30,H,Houston Texans,26,16,W,,"Atlanta, GA",Georgia Dome,69312
2007-10-07,A,Tennessee Titans,13,20,L,,"Nashville, TN",LP Field,69143
2007-10-15,H,New York Giants,10,31,L,,"Atlanta, GA",Georgia Dome,69828
2007-10-21,A,New Orleans Saints,16,22,L,,"New Orleans, LA",Louisiana Superdome,69994
2007-11-04,H,San Francisco 49ers,20,16,W,,"Atlanta, GA",Georgia Dome,66049
2007-11-11,A,Carolina Panthers,20,13,W,,"Charlotte, NC",Bank of America Stadium,73340
2007-11-18,H,Tampa Bay Buccanneers,7,31,L,,"Atlanta, GA",Georgia Dome,69480
2007-11-22,H,Indianapolis Colts,13,31,L,,"Atlanta, GA",Georgia Dome,69845
2007-12-02,A,St. Louis Rams,16,28,L,,"St. Louis, MO",Edward Jones Dome,62051
2007-12-10,H,New Orleans Saints,14,34,L,,"Atlanta, GA",Georgia Dome,69553
2007-12-16,A,Tampa Bay Buccanneers,3,37,L,,"Tampa, FL",Raymond James Stadium,65133
2007-12-23,A,Arizona Cardinals,27,30,L,OT,"Glendale, AZ",University of Phoenix Stadium,64159
2007-12-30,H,Seattle Seahawks,44,41,W,,"Atlanta, GA",Georgia Dome,64925
2008-08-09,A,Jacksonville Jaguars,17,20,L,,"Jacksonville, FL",Jacksonville Municipal Stadium,63914
2008-08-16,H,Indianapolis Colts,9,16,L,,"Atlanta, GA",Georgia Dome,59693
2008-08-22,H,Tennessee Titans,17,3,W,,"Atlanta, GA",Georgia Dome,47318
2008-08-28,A,Baltimore Ravens,10,9,W,,"Baltimore, MD",M&T Bank Stadium,70149
2008-09-07,H,Detroit Lions,34,21,W,,"Atlanta, GA",Georgia Dome,62310
2008-09-14,A,Tampa Bay Buccaneers,9,24,L,,"Tampa, FL",Raymond James Stadium,63611
2008-09-21,H,Kansas City Chiefs,38,14,W,,"Atlanta, GA",Georgia Dome,62434
2008-09-28,A,Carolina Panthers,9,24,L,,"Charlotte, NC",Bank of America Stadium,72688
2008-10-05,A,Green Bay Packers,27,24,W,,"Green Bay, WI",Lambeau Field,70610
2008-10-12,H,Chicago Bears,22,20,W,,"Atlanta, GA",Georgia Dome,64096
2008-10-26,A,Philadelphia Eagles,14,27,L,,"Philadelphia, PA",Lincoln Financial Field,69144
2008-11-02,A,Oakland Raiders,24,0,W,,"Oakland, CA",McAfee Coliseum,61196
2008-11-09,H,New Orleans Saints,34,20,W,,"Atlanta, GA",Georgia Dome,64826
2008-11-16,H,Denver Broncos,20,24,L,,"Atlanta, GA",Georgia Dome,64358
2008-11-23,H,Carolina Panthers,45,28,W,,"Atlanta, GA",Georgia Dome,64841
2008-11-30,A,San Diego Chargers,22,16,W,,"San Diego, CA",Qualcomm Stadium,67200
2008-12-07,A,New Orleans Saints,25,29,L,,"New Orleans, LA",Louisiana Superdome,70011
2008-12-14,H,Tampa Bay Buccaneers,13,10,W,OT,"Atlanta, GA",Georgia Dome,65045
2008-12-21,A,Minnesota Vikings,24,17,W,,"Minneapolis, MN",Hubert H. Humphrey Metrodome,62889
2008-12-28,H,St. Louis Rams,31,27,W,,"Atlanta, GA",Georgia Dome,64617
2009-01-03,A,Arizona Cardinals,24,30,L,,"Glendale, AZ",University of Phoenix Stadium,62848
2009-08-15,A,Detroit Lions,26,27,L,,"Detroit, MI",Ford Field,34785
2009-08-21,A,St. Louis Rams,20,13,W,,"St. Louis, MO",Edward Jones Dome,46958
2009-08-29,H,San Diego Chargers,27,24,W,,"Atlanta, GA",Georgia Dome,66718
2009-09-03,H,Baltimore Ravens,3,20,L,,"Atlanta, GA",Georgia Dome,66610
2009-09-13,H,Miami Dolphins,19,7,W,,"Atlanta, GA",Georgia Dome,67606
2009-09-20,H,Carolina Panthers,28,20,W,,"Atlanta, GA",Georgia Dome,67313
2009-09-27,A,New England Patriots,10,26,L,,"Foxborough, MA",Gillette Stadium,68756
2009-10-11,A,San Francisco 49ers,45,10,W,,"San Francisco, CA",Candlestick Park,69732
2009-10-18,H,Chicago Bears,21,14,W,,"Atlanta, GA",Georgia Dome,68082
2009-10-25,A,Dallas Cowboys,21,37,L,,"Arlington, TX",Cowboys Stadium,81521
2009-11-02,A,New Orleans Saints,27,35,L,,"New Orleans, LA",Louisiana Superdome,70088
2009-11-08,H,Washington Redskins,31,17,W,,"Atlanta, GA",Georgia Dome,67982
2009-11-15,A,Carolina Panthers,19,28,L,,"Charlotte, NC",Bank of America Stadium,73239
2009-11-22,A,New York Giants,31,34,L,OT,"East Rutherford, NJ",Giants Stadium,78491
2009-11-29,H,Tampa Bay Buccaneers,20,17,W,,"Atlanta, GA",Georgia Dome,67029
2009-12-06,H,Philadelphia Eagles,7,34,L,,"Atlanta, GA",Georgia Dome,69560
2009-12-13,H,New Orleans Saints,23,26,L,,"Atlanta, GA",Georgia Dome,68930
2009-12-20,A,New York Jets,10,7,W,,"East Rutherford, NJ",Giants Stadium,76866
2009-12-27,H,Buffalo Bills,31,3,W,,"Atlanta, GA",Georgia Dome,68887
2010-01-03,A,Tampa Bay Buccaneers,20,10,W,,"Tampa, FL",Raymond James Stadium,62578
2010-08-13,H,Kansas City Chiefs,20,10,W,,"Atlanta, GA",Georgia Dome,65726
2010-08-19,H,New England Patriots,10,28,L,,"Atlanta, GA",Georgia Dome,66783
2010-08-27,A,Miami Dolphins,16,6,W,,"Miami Gardens, FL",Sun Life Stadium,59144
2010-09-02,A,Jacksonville Jaguars,9,13,L,,"Jacksonville, FL",EverBank Field,61802
2010-09-12,A,Pittsburgh Steelers,9,15,L,OT,"Pittsburgh, PA",Heinz Field,63609
2010-09-19,H,Arizona Cardinals,41,7,W,,"Atlanta, GA",Georgia Dome,66824
2010-09-26,A,New Orleans Saints,27,24,W,OT,"New Orleans, LA",Louisiana Superdome,70051
2010-10-03,H,San Francisco 49ers,16,14,W,,"Atlanta, GA",Georgia Dome,66874
2010-10-10,A,Cleveland Browns,20,10,W,,"Cleveland, OH",Cleveland Browns Stadium,65290
2010-10-17,A,Philadelphia Eagles,17,31,L,,"Philadelphia, PA",Lincoln Financial Field,69144
2010-10-24,H,Cincinnati Bengals,39,32,W,,"Atlanta, GA",Georgia Dome,67665
2010-11-07,H,Tampa Bay Buccaneers,27,21,W,,"Atlanta, GA",Georgia Dome,67266
2010-11-11,H,Baltimore Ravens,26,21,W,,"Atlanta, GA",Georgia Dome,68474
2010-11-21,A,St. Louis Rams,34,17,W,,"St. Louis, MO",Edward Jones Dome,53005
2010-11-28,H,Green Bay Packers,20,17,W,,"Atlanta, GA",Georgia Dome,68204
2010-12-05,A,Tampa Bay Buccaneers,28,24,W,,"Tampa, FL",Raymond James Stadium,53955
2010-12-12,A,Carolina Panthers,31,10,W,,"Charlotte, NC",Bank of America Stadium,71235
2010-12-19,A,Seattle Seahawks,34,18,W,,"Seattle, WA",Qwest Field,67101
2010-12-27,H,New Orleans Saints,14,17,L,,"Atlanta, GA",Georgia Dome,70144
2011-01-02,H,Carolina Panthers,31,10,W,,"Atlanta, GA",Georgia Dome,67349
2011-01-15,H,Green Bay Packers,21,48,L,,"Atlanta, GA",Georgia Dome,69210
2011-08-12,H,Miami Dolphins,23,28,L,,"Atlanta, GA",Georgia Dome,67038
2011-08-19,A,Jacksonville Jaguars,13,15,,,"Jacksonville, FL",EverBank Field,60815
2011-08-27,A,Pittsburgh Steelers,16,34,L,,"Pittsburgh, PA",Heinz Field,56754
2011-09-01,H,Baltimore Ravens,7,21,L,,"Atlanta, GA",Georgia Dome,67216
2011-09-11,A,Chicago Bears,12,30,L,,"Chicago, IL",Soldier Field,62115
2011-09-18,H,Philadelphia Eagles,35,31,W,,"Atlanta, GA",Georgia Dome,69608
2011-09-25,A,Tampa Bay Buccaneers,13,16,L,,"Tampa, FL",Raymond James Stadium,46995
2011-10-02,A,Seattle Seahawks,30,28,W,,"Seattle, WA",CenturyLink Field,66266
2011-10-09,H,Green Bay Packers,14,25,L,,"Atlanta, GA",Georgia Dome,69576
2011-10-16,H,Carolina Panthers,31,17,W,,"Atlanta, GA",Georgia Dome,69047
2011-10-23,A,Detroit Lions,23,16,W,,"Detroit, MI",Ford Field,63625
2011-11-06,A,Indianapolis Colts,31,7,W,,"Indianapolis, IN",Lucas Oil Stadium,65218
2011-11-13,H,New Orleans Saints,23,26,L,OT,"Atlanta, GA",Georgia Dome,70359
2011-11-20,H,Tennessee Titans,23,17,W,,"Atlanta, GA",Georgia Dome,68164
2011-11-27,H,Minnesota Vikings,24,14,W,,"Atlanta, GA",Georgia Dome,68115
2011-12-04,A,Houston Texans,10,17,L,,"Houston, TX",Reliant Stadium,71545
2011-12-11,A,Carolina Panthers,31,23,W,,"Charlotte, NC",Bank of America Stadium,72680
2011-12-15,H,Jacksonville Jaguars,41,14,W,,"Atlanta, GA",Georgia Dome,68856
2011-12-26,A,New Orleans Saints,16,45,L,,"New Orleans, LA",Mercedes-Benz Superdome,70086
2012-01-01,H,Tampa Bay Buccaneers,45,24,W,,"Atlanta, GA",Georgia Dome,68167
2012-01-08,A,New York Giants,2,24,L,,"East Rutherford, NJ",MetLife Stadium,79909
2012-08-09,H,Baltimore Ravens,17,31,L,,"Atlanta, GA",Georgia Dome,68449
2012-08-16,H,Cincinnati Bengals,19,24,L,,"Atlanta, GA",Georgia Dome,68541
2012-08-24,A,Miami Dolphins,23,6,W,,"Miami Gardens, FL",Sun Life Stadium,41550
2012-08-30,A,Jacksonville Jaguars,14,24,L,,"Jacksonville, FL",EverBank Field,62362
2012-09-09,A,Kansas City Chiefs,40,24,W,,"Kansas City, MO",Arrowhead Stadium,71180
2012-09-17,H,Denver Broncos,27,21,W,,"Atlanta, GA",Georgia Dome,70427
2012-09-23,A,San Diego Chargers,27,3,W,,"San Diego, CA",Qualcomm Stadium,61297
2012-09-30,H,Carolina Panthers,30,28,W,,"Atlanta, GA",Georgia Dome,69594
2012-10-07,A,Washington Redskins,24,17,W,,"Landover, MD",FedExField,75337
2012-10-14,H,Oakland Raiders,23,20,W,,"Atlanta, GA",Georgia Dome,69383
2012-10-28,A,Philadelphia Eagles,30,17,W,,"Philadelphia, PA",Lincoln Financial Field,69144
2012-11-04,H,Dallas Cowboys,19,13,W,,"Atlanta, GA",Georgia Dome,70840
2012-11-11,A,New Orleans Saints,27,31,L,,"New Orleans, LA",Mercedes-Benz Superdome,73126
2012-11-18,H,Arizona Cardinals,23,19,W,,"Atlanta, GA",Georgia Dome,69630
2012-11-25,A,Tampa Bay Buccaneers,24,23,W,,"Tampa, FL",Raymond James Stadium,54400
2012-11-29,H,New Orleans Saints,23,13,W,,"Atlanta, GA",Georgia Dome,70514
2012-12-09,A,Carolina Panthers,20,30,L,,"Charlotte, NC",Bank of America Stadium,73292
2012-12-16,H,New York Giants,34,0,W,,"Atlanta, GA",Georgia Dome,70741
2012-12-22,A,Detroit Lions,31,18,W,,"Detroit, MI",Ford Field,63489
2012-12-30,H,Tampa Bay Buccaneers,17,22,L,,"Atlanta, GA",Georgia Dome,69644
2013-01-13,H,Seattle Seahawks,30,28,W,,"Atlanta, GA",Georgia Dome,70366
2013-01-20,H,San Francisco 49ers,24,28,L,,"Atlanta, GA",Georgia Dome,70863
2013-08-08,H,Cincinnati Bengals,10,34,L,,"Atlanta, GA",Georgia Dome,69076
2013-08-15,A,Baltimore Ravens,23,27,L,,"Baltimore, MD",M&T Bank Stadium,70527
2013-08-24,A,Tennessee Titans,16,27,L,,"Nashville, TN",LP Field,69143
2013-08-29,H,Jacksonville Jaguars,16,20,L,,"Atlanta, GA",Georgia Dome,69555
2013-09-08,A,New Orleans Saints,17,23,L,,"New Orleans, LA",Mercedes-Benz Superdome,72348
2013-09-15,H,St. Louis Rams,31,24,W,,"Atlanta, GA",Georgia Dome,70056
2013-09-22,A,Miami Dolphins,23,27,L,,"Miami Gardens, FL",Sun Life Stadium,71168
2013-09-29,H,New England Patriots,23,30,L,,"Atlanta, GA",Georgia Dome,70774
2013-10-07,H,New York Jets,28,30,L,,"Atlanta, GA",Georgia Dome,70246
2013-10-20,H,Tampa Bay Buccaneers,31,23,W,,"Atlanta, GA",Georgia Dome,69522
2013-10-27,A,Arizona Cardinals,13,27,L,,"Glendale, AZ",University of Phoenix Stadium,60671
2013-11-03,A,Carolina Panthers,10,34,L,,"Charlotte, NC",Bank of America Stadium,73720
2013-11-10,H,Seattle Seahawks,10,33,L,,"Atlanta, GA",Georgia Dome,70309
2013-11-17,A,Tampa Bay Buccaneers,28,41,L,,"Tampa, FL",Raymond James Stadium,55360
2013-11-21,H,New Orleans Saints,13,17,L,,"Atlanta, GA",Georgia Dome,70422
2013-12-01,A,Buffalo Bills,34,31,W,OT,"Toronto, ON",Rogers Centre,38969
2013-12-08,A,Green Bay Packers,21,22,L,,"Green Bay, WI",Lambeau Field,77550
2013-12-15,H,Washington Redskins,27,26,W,,"Atlanta, GA",Georgia Dome,70069
2013-12-23,A,San Francisco 49ers,24,34,L,,"San Francisco, CA",Candlestick Park,69732
2013-12-29,H,Carolina Panthers,20,21,L,,"Atlanta, GA",Georgia Dome,70427
2014-08-08,H,Miami Dolphins,16,10,W,,"Atlanta, GA",Georgia Dome,68540
2014-08-16,A,Houston Texans,7,32,L,,"Houston, TX",NRG Stadium,71644
2014-08-23,H,Tennessee Titans,17,24,L,,"Atlanta, GA",Georgia Dome,68957
2014-08-28,A,Jacksonville Jaguars,24,14,W,,"Jacksonville, FL",EverBank Field,59031
2014-09-07,H,New Orleans Saints,37,34,W,OT,"Atlanta, GA",Georgia Dome,70706
2014-09-14,A,Cincinnati Bengals,10,24,L,,"Cincinnati, OH",Paul Brown Stadium,58574
2014-09-18,H,Tampa Bay Buccaneers,56,14,W,,"Atlanta, GA",Georgia Dome,70318
2014-09-28,A,Minnesota Vikings,28,41,L,,"Minneapolis, MN",TCF Bank Stadium,52173
2014-10-05,A,New York Giants,20,30,L,,"East Rutherford, NJ",MetLife Stadium,80307
2014-10-12,H,Chicago Bears,13,27,L,,"Atlanta, GA",Georgia Dome,70712
2014-10-19,A,Baltimore Ravens,7,29,L,,"Baltimore, MD",M&T Bank Stadium,71184
2014-10-26,H,Detroit Lions,21,22,L,,"London, England",Wembley Stadium,83532
2014-11-09,A,Tampa Bay Buccaneers,27,17,W,,"Tampa, FL",Raymond James Stadium,57751
2014-11-16,A,Carolina Panthers,19,17,W,,"Charlotte, NC",Bank of America Stadium,73314
2014-11-23,H,Cleveland Browns,24,26,L,,"Atlanta, GA",Georgia Dome,70046
2014-11-30,H,Arizona Cardinals,29,18,W,,"Atlanta, GA",Georgia Dome,69557
2014-12-08,A,Green Bay Packers,37,43,L,,"Green Bay, WI",Lambeau Field,77512
2014-12-14,H,Pittsburgh Steelers,20,27,L,,"Atlanta, GA",Georgia Dome,71161
2014-12-21,A,New Orleans Saints,30,14,W,,"New Orleans, LA",Mercedes-Benz Superdome,73614
2014-12-28,H,Carolina Panthers,3,34,L,,"Atlanta, GA",Georgia Dome,71015
2017-08-10,A,Miami Dolphins,20,23,L,,"Miami Gardens, FL",Hard Rock Stadium,64271
2017-08-20,A,Pittsburgh Steelers,13,17,L,,"Pittsburgh, PA",Heinz Field,48809
2017-08-26,H,Arizona Cardinals,14,24,L,,"Atlanta, GA",Mercedes-Benz Stadium,70237
2017-08-31,H,Jacksonville Jaguars,7,13,L,,"Atlanta, GA",Mercedes-Benz Stadium,69472
2017-09-10,A,Chicago Bears,23,17,W,,"Chicago, IL",Soldier Field,61857
2017-09-17,H,Green Bay Packers,34,23,W,,"Atlanta, GA",Mercedes-Benz Stadium,70826
2017-09-24,A,Detroit Lions,30,26,W,,"Detroit, MI",Ford Field,63240
2017-10-01,H,Buffalo Bills,17,23,L,,"Atlanta, GA",Mercedes-Benz Stadium,71273
2017-10-15,H,Miami Dolphins,17,20,L,,"Atlanta, GA",Mercedes-Benz Stadium,70593
2017-10-22,A,New England Patriots,7,23,L,,"Foxborough, MA",Gillette Stadium,65878
2017-10-29,A,New York Jets,25,20,W,,"East Rutherford, NJ",MetLife Stadium,77562
2017-11-05,A,Carolina Panthers,17,20,L,,"Charlotte, NC",Bank of America Stadium,74244
2017-11-12,H,Dallas Cowboys,27,7,W,,"Atlanta, GA",Mercedes-Benz Stadium,73761
2017-11-20,A,Seattle Seahawks,34,31,W,,"Seattle, WA",CenturyLink Field,69026
2017-11-26,H,Tampa Bay Buccaneers,34,20,W,,"Atlanta, GA",Mercedes-Benz Stadium,71036
2017-12-03,H,Minnesota Vikings,9,14,L,,"Atlanta, GA",Mercedes-Benz Stadium,71185
2017-12-07,H,New Orleans Saints,20,17,W,,"Atlanta, GA",Mercedes-Benz Stadium,72866
2017-12-18,A,Tampa Bay Buccaneers,24,21,W,,"Tampa, FL",Raymond James Stadium,62382
2017-12-24,A,New Orleans Saints,13,23,L,,"New Orleans, LA",Mercedes-Benz Superdome,73188
2017-12-31,H,Carolina Panthers,22,10,W,,"Atlanta, GA",Mercedes-Benz Stadium,74141
2018-01-06,A,Los Angeles Rams,26,13,W,,"Los Angeles, CA",Memorial Coliseum,74300
2018-01-13,A,Philadelphia Eagles,10,15,L,,"Philadelphia, PA",Lincoln Financial Field,69596
2018-08-10,A,New York Jets,0,17,L,,"East Rutherford, NJ",MetLifeStadium,74123
2018-08-17,H,Kansas City Chiefs,14,28,L,,"Atlanta, GA",Mercedes-Benz Stadium,71628
2018-08-25,A,Jacksonville Jaguars,6,17,L,,"Jacksonville, FL",TIAA Bank Field,64208
2018-08-30,H,Miami Dolphins,7,34,L,,"Atlanta, GA",Mercedes-Benz Stadium,71192
2018-09-06,A,Philadelphia Eagles,12,18,L,,"Philadelphia, PA",Lincoln Financial Field,69696
2018-09-16,H,Carolina Panthers,31,24,W,,"Atlanta, GA",Mercedes-Benz Stadium,72528
2018-09-23,H,New Orleans Saints,37,43,L,OT,"Atlanta, GA",Mercedes-Benz Stadium,74457
2018-09-30,H,Cincinnati Bengals,36,37,L,,"Atlanta, GA",Mercedes-Benz Stadium,71985
2018-10-07,A,Pittsburgh Steelers,17,41,L,,"Pittsburgh, PA",Heinz Field,64781
2018-10-14,H,Tampa Bay Buccaneers,34,29,W,,"Atlanta, GA",Mercedes-Benz Stadium,72665
2018-10-22,H,New York Giants,23,20,W,,"Atlanta, GA",Mercedes-Benz Stadium,72756
2018-11-04,A,Washington Redskins,38,14,W,,"Landover, MD",FedExField,62386
2018-11-11,A,Cleveland Browns,16,28,L,,"Cleveland, OH",FirstEnergy Stadium,62144
2018-11-18,H,Dallas Cowboys,19,22,L,,"Atlanta, GA",Mercedes-Benz Stadium,74447
2018-11-22,A,New Orleans Saints,17,31,L,,"New Orleans, LA",Mercedes-Benz Superdome,73017
2018-12-02,H,Baltimore Ravens,16,26,L,,"Atlanta, GA",Mercedes-Benz Stadium,72262
2018-12-09,A,Green Bay Packers,20,34,L,,"Green Bay, WI",Lambeau Field,77329
2018-12-16,H,Arizona Cardinals,40,14,W,,"Atlanta, GA",Mercedes-Benz Stadium,72084
2018-12-23,A,Carolina Panthers,24,10,W,,"Charlotte, NC",Bank of America Stadium,73722
2018-12-30,A,Tampa Bay Buccaneers,34,32,W,,"Tampa, FL",Raymond James Stadium,52884
2019-08-01,N,Denver Broncos,10,14,L,,"Canton, OH",Tom Benson Hall of Fame Stadium,20802
2019-08-08,A,Miami Dolphins,27,34,L,,"Miami Gardens, FL",Hard Rock Stadium,52198
2019-08-15,H,New York Jets,10,22,L,,"Atlanta, GA",Mercedes-Benz Stadium,70037
2019-08-22,H,Washington Redskins,7,19,L,,"Atlanta, GA",Mercedes-Benz Stadium,70126
2019-08-29,A,Jacksonville Jaguars,31,12,W,,"Jacksonville, FL",TIAA Bank Field,56511
2019-09-08,A,Minnesota Vikings,12,28,L,,"Minneapolis, MN",U.S. Bank Stadium,66714
2019-09-15,H,Philadelphia Eagles,24,20,W,,"Atlanta, GA",Mercedes-Benz Stadium,72443
2019-09-22,A,Indianapolis Colts,24,27,L,,"Indianapolis, IN",Lucas Oil Stadium,60295
2019-09-29,H,Tennessee Titans,10,24,L,,"Atlanta, GA",Mercedes-Benz Stadium,72108
2019-10-06,A,Houston Texans,32,53,L,,"Houston, TX",NRG Stadium,71787
2019-10-13,A,Arizona Cardinals,33,34,L,,"Glendale, AZ",State Farm Stadium,60140
2019-10-20,H,Los Angeles Rams,10,37,L,,"Atlanta, GA",Mercedes-Benz Stadium,71856
2019-10-27,H,Seattle Seahawks,20,72,L,,"Atlanta, GA",Mercedes-Benz Stadium,71483
2019-11-10,A,New Orleans Saints,26,9,W,,"New Orleans, LA",Mercedes-Benz Superdome,73283
2019-11-17,A,Carolina Panthers,29,3,W,,"Charlotte, NC",Bank of America Stadium,73106
2019-11-24,H,Tampa Bay Buccaneers,22,35,L,,"Atlanta, GA",Mercedes-Benz Stadium,71463
2019-11-28,H,New Orleans Saints,18,26,L,,"Atlanta, GA",Mercedes-Benz Stadium,71993
2019-12-08,H,Carolina Panthers,40,20,W,,"Atlanta, GA",Mercedes-Benz Stadium,70592
2019-12-15,A,San Francisco 49ers,29,22,W,,"Santa Clara, CA",Levi's Stadium,70910
2019-12-22,H,Jacksonville Jaguars,24,12,W,,"Atlanta, GA",Mercedes-Benz Stadium,70873
2019-12-29,A,Tampa Bay Buccaneers,28,22,W,OT,"Tampa, FL",Raymond James Stadium,50417
2020-08-14,H,Miami Dolphins,,,-,,"Atlanta, GA",Mercedes-Benz Stadium,
2020-08-21,A,Buffalo Bills,,,-,,"Orchard Park, NY",Bills Stadium,
2020-08-28,H,Cincinnati Bengals,,,-,,"Atlanta, GA",Mercedes-Benz Stadium,
2020-09-03,A,Jacksonville Jaguars,,,-,,"Jacksonville, FL",TIAA Bank Field,
2020-09-13,H,Seattle Seahawks,25,38,L,,"Atlanta, GA",Mercedes-Benz Stadium,0
2020-09-20,A,Dallas Cowboys,39,40,L,,"Arlington, TX",AT&T Stadium,21708
2020-09-27,H,Chicago Bears,26,30,L,,"Atlanta, GA",Mercedes-Benz Stadium,0
2020-10-05,A,Green Bay Packers,16,30,L,,"Green Bay, WI",Lambeau Field,0
2020-10-11,H,Carolina Panthers,13,26,L,,"Atlanta, GA",Mercedes-Benz Stadium,6656
2020-10-18,A,Minnesota Vikings,40,23,W,,"Minneapolis, MN",U.S. Bank Stadium,0
2020-10-25,H,Detroit Lions,22,23,L,,"Atlanta, GA",Mercedes-Benz Stadium,7796
2020-10-29,A,Carolina Panthers,25,17,W,,"Charlotte, NC",Bank of America Stadium,5240
2020-11-08,H,Denver Broncos,34,27,W,,"Atlanta, GA",Mercedes-Benz Stadium,7665
2020-11-22,A,New Orleans Saints,9,24,L,,"New Orleans, LA",Mercedes-Benz Superdome,6000
2020-11-29,H,Las Vegas Raiders,43,6,W,,"Atlanta, GA",Mercedes-Benz Stadium,9124
2020-12-06,H,New Orleans Saints,16,21,L,,"Atlanta, GA",Mercedes-Benz Stadium,8713
2020-12-13,A,Los Angeles Chargers,17,20,L,,"Inglewood, CA",SoFi Stadium,0
2020-12-20,H,Tampa Bay Buccaneers,27,31,L,,"Atlanta, GA",Mercedes-Benz Stadium,10703
2020-12-27,A,Kansas City Chiefs,14,17,L,,"Kansas City, MO",Arrowhead Stadium,13740
2021-01-03,A,Tampa Bay Buccaneers,27,44,L,,"Tampa, FL",Raymond James Stadium,16009
2021-08-13,H,Tennessee Titans,3,23,L,,"Atlanta, GA",Mercedes-Benz Stadium,65726
2021-08-21,A,Miami Dolphins,17,37,L,,"Miami Gardens, FL",Hard Rock Stadium,57217
2021-08-29,H,Cleveland Browns,10,19,L,,"Atlanta, GA",Mercedes-Benz Stadium,66122
2021-09-12,H,Philadelphia Eagles,6,32,L,,"Atlanta, GA",Mercedes-Benz Stadium,68633
2021-09-19,A,Tampa Bay Buccaneers,25,48,L,,"Tampa, FL",Raymond James Field,63694
2021-09-26,A,New York Giants,17,14,W,,"East Rutherford, NJ",MetLife Stadium,75307
2021-10-03,H,Washington Football Team,30,34,L,,"Atlanta, GA",Mercedes-Benz Stadium,68259
2021-10-10,H,New York Jets,27,20,W,,"London, England",Tottenham Hotspur Stadium,60589
2021-10-24,A,Miami Dolphins,30,28,W,,"Miami Gardens, FL",Hard Rock Stadium,62739
2021-10-31,H,Carolina Panthers,13,19,L,,"Atlanta, GA",Mercedes-Benz Stadium,68583
2021-11-07,A,New Orleans Saints,27,25,W,,"New Orleans, LA",Mercedes-Benz Superdome,69170
2021-11-14,A,Dallas Cowboys,3,43,L,,"Arlington, TX",AT&T Stadium,93436
2021-11-18,H,New England Patriots,0,25,L,,"Atlanta, GA",Mercedes-Benz Stadium,68286
2021-11-28,A,Jacksonville Jaguars,21,14,W,,"Jacksonville, FL",TIAA Bank Field,60031
2021-12-05,H,Tampa Bay Buccaneers,17,30,L,,"Atlanta, GA",Mercedes-Benz Stadium,69366
2021-12-12,A,Carolina Panthers,29,21,W,,"Charlotte, NC",Bank of America Stadium,72243
2021-12-19,A,San Francisco 49ers,13,31,L,,"Santa Clara, CA",Levi's Stadium,71650
2021-12-26,H,Detroit Lions,20,16,W,,"Atlanta, GA",Mercedes-Benz Stadium,68638
2022-01-02,A,Buffalo Bills,15,29,L,,"Orchard Park, NY",Highmark Stadium,64948
2022-01-09,H,New Orleans Saints,20,30,L,,"Atlanta, GA",Mercedes-Benz Stadium,68336
2022-08-12,A,Detroit Lions,27,23,W,,"Detroit, MI",Ford Field,40521
2022-08-22,A,New York Jets,16,24,L,,"East Rutherford, NJ",MetLife Stadium,62625
2022-08-27,H,Jacksonville Jaguars,28,12,W,,"Atlanta, GA",Mercedes-Benz Stadium,66326
2022-09-11,H,New Orleans Saints,26,27,L,,"Atlanta, GA",Mercedes-Benz Stadium,70078
2022-09-18,A,Los Angeles Rams,27,31,L,,"Inglewood, CA",SoFi Stadium,71802
2022-09-25,A,Seattle Seahawks,27,23,W,,"Seattle, WA",Lumen Field,68773
2022-10-02,H,Cleveland Browns,23,20,W,,"Atlanta, GA",Mercedes-Benz Stadium,69435
2022-10-09,A,Tampa Bay Buccaneers,15,21,L,,"Tampa, FL",Raymond James Stadium,68299
2022-10-16,H,San Francisco 49ers,28,14,W,,"Atlanta, GA",Mercedes-Benz Stadium,69813
2022-10-23,A,Cincinnati Bengals,17,35,L,,"Cincinnati, OH",Paul Brown Stadium,66158
2022-10-30,H,Carolina Panthers,37,34,W,OT,"Atlanta, GA",Mercedes-Benz Stadium,68996
2022-11-06,H,Los Angeles Chargers,17,20,L,,"Atlanta, GA",Mercedes-Benz Stadium,69299
2022-11-10,A,Carolina Panthers,15,25,L,,"Charlotte, NC",Bank of America Stadium,72029
2022-11-20,H,Chicago Bears,27,24,W,,"Atlanta, GA",Mercedes-Benz Stadium,69757
2022-11-27,A,Washington Commanders,13,19,L,,"Landover, MD",FedExField,53684
2022-12-04,H,Pittsburgh Steelers,16,19,L,,"Atlanta, GA",Mercedes-Benz Stadium,70325
2022-12-18,A,New Orleans Saints,18,21,L,,"New Orleans, LA",Caesars Superdome,70041
2022-12-24,A,Baltimore Ravens,9,17,L,,"Baltimore, MD",M&T Bank Stadium,70467
2023-01-01,H,Arizona Cardinals,20,19,W,,"Atlanta, GA",Mercedes-Benz Stadium,69269
2023-01-08,H,Tampa Bay Buccaneers,30,17,W,,"Atlanta, GA",Mercedes-Benz Stadium,69276
2023-08-11,A,Miami Dolphins,19,3,W,,"Miami Gardens, FL",Hard Rock Stadium,64638
2023-08-18,H,Cincinnati Bengals,13,13,T,,"Atlanta, GA",Mercedes-Benz Stadium,67477
2023-08-24,H,Pittsburgh Steelers,0,24,L,,"Atlanta, GA",Mercedes-Benz Stadium,68495
2023-09-10,H,Carolina Panthers,24,10,W,,"Atlanta, GA",Mercedes-Benz Stadium,69597
2023-09-17,H,Green Bay Packers,25,24,W,,"Atlanta, GA",Mercedes-Benz Stadium,69251
2023-09-24,A,Detroit Lions,6,20,L,,"Detroit, MI",Ford Field,63803
2023-10-01,A,Jacksonville Jaguars,7,23,L,,"London, England",Wembley Stadium,85716
2023-10-08,H,Houston Texans,21,19,W,,"Atlanta, GA",Mercedes-Benz Stadium,69461
2023-10-15,H,Washington Commanders,16,24,L,,"Atlanta, GA",Mercedes-Benz Stadium,69921
2023-10-22,A,Tampa Bay Buccaneers,16,13,W,,"Tampa, FL",Raymond James Stadium,62620
2023-10-29,A,Tennessee Titans,23,28,L,,"Nashville, TN",Nissan Stadium,68008
2023-11-05,H,Minnesota Vikings,28,31,L,,"Atlanta, GA",Mercedes-Benz Stadium,69715
2023-11-12,A,Arizona Cardinals,23,25,L,,"Glendale, AZ",State Farm Stadium,62861
2023-11-26,H,New Orleans Saints,24,15,W,,"Atlanta, GA",Mercedes-Benz Stadium,70166
2023-12-03,A,New York Jets,13,8,W,,"East Rutherford, NJ",MetLife Stadium,74455
2023-12-10,H,Tampa Bay Buccaneers,25,29,L,,"Atlanta, GA",Mercedes-Benz Stadium,69496
2023-12-17,A,Carolina Panthers,7,9,L,,"Charlotte, NC",Bank of America Stadium,70301
2023-12-24,H,Indianapolis Colts,29,10,W,,"Atlanta, GA",Mercedes-Benz Stadium,69221
2023-12-31,A,Chicago Bears,17,37,L,,"Chicago, IL",Soldier Field,61752
2024-01-07,A,New Orleans Saints,17,48,L,,"New Orleans, LA",Caesars Superdome,70072
2024-08-09,A,Miami Dolphins,13,20,L,,"Miami Gardens, FL",Hard Rock Stadium,64768
2024-08-17,A,Baltimore Ravens,12,13,L,,"Baltimore, MD",M&T Bank Stadium,63282
2024-08-23,H,Jacksonville Jaguars,0,31,L,,"Atlanta, GA",Mercedes-Benz Stadium,67444
2024-09-08,H,Pittsburgh Steelers,10,18,L,,"Atlanta, GA",Mercedes-Benz Stadium,72291
2024-09-16,A,Philadelphia Eagles,22,21,W,,"Philadelphia, PA",Lincoln Financial Field,69879
2024-09-22,H,Kansas City Chiefs,17,22,L,,"Atlanta, GA",Mercedes-Benz Stadium,72441
2024-09-29,H,New Orleans Saints,26,24,W,,"Atlanta, GA",Mercedes-Benz Stadium,72204
2024-10-03,H,Tampa Bay Buccaneers,36,30,W,OT,"Atlanta, GA",Mercedes-Benz Stadium,70016
2024-10-13,A,Carolina Panthers,38,20,W,,"Charlotte, NC",Bank of America Stadium,70884
2024-10-20,H,Seattle Seahawks,14,34,L,,"Atlanta, GA",Mercedes-Benz Stadium,70691
2024-10-27,A,Tampa Bay Buccaneers,31,26,W,,"Tampa, FL",Raymond James Stadium,62787
2024-11-03,H,Dallas Cowboys,27,21,W,,"Atlanta, GA",Mercedes-Benz Stadium,72665
2024-11-10,A,New Orleans Saints,17,20,L,,"New Orleans, LA",Caesars Superdome,70005
2024-11-17,A,Denver Broncos,6,38,L,,"Denver, CO",Empower Field,76545
2024-12-01,H,Los Angeles Chargers,13,17,L,,"Atlanta, GA",Mercedes-Benz Stadium,72139
2024-12-08,A,Minnesota Vikings,21,42,L,,"Minneapolis, MN",U.S. Bank Stadium,67008
2024-12-16,A,Las Vegas Raiders,15,9,W,,"Paradise, NV",Allegiant Stadium,62364
2024-12-22,H,New York Giants,34,7,W,,"Atlanta, GA",Mercedes-Benz Stadium,70404
2024-12-29,A,Washington Commanders,24,30,L,OT,"Landover, MD",Northwest Stadium,63480
2025-01-05,H,Carolina Panthers,38,44,L,OT,"Atlanta, GA",Mercedes-Benz Stadium,69581
