Player,College,Years,First,Last,GP,GS
Micah Abernathy,Tennessee,2,2023,2024,18,0
John Abraham,South Carolina,7,2006,2012,102,97
Delrick Abrams,Independence CC; Colorado,1,2020,2020,3,0
Dick Absher,Maryland,2,1967,1968,11,0
Ron Acks,Illinois,4,1968,1971,37,12
Bill Adams,San Mateo JC; Pacific,1,1976,1976,13,0
Brent Adams,Tennessee-Chattanooga,3,1975,1977,41,39
Phillip Adams,South Carolina State,1,2015,2015,13,3
Scott Adams,Georgia,1,1997,1997,6,0
Spencer Adkins,Miami (Florida),3,2009,2011,24,1
Mel Agee,Illinois,3,1993,1995,37,13
Keith Alex,Texas A&M,1,1993,1993,14,0
Harold Alexander,Appalachian State,2,1993,1994,31,0
P.J. Alexander,Syracuse,1,2006,2006,4,4
Dee Alford,Tusculum,3,2022,2024,48,16
Robert Alford,Southeastern Louisiana,6,2013,2018,88,76
Josh Ali,Kentucky,1,2022,2022,2,0
Anthony Allen,Washington,2,1985,1986,21,4
Grady Allen,Texas A&M,5,1968,1972,59,33
Ricardo Allen,Purdue,6,2015,2020,77,75
Ryan Allen,Oregon State; Louisiana Tech,1,2019,2019,8,0
Tyler Allgeier,Brigham Young,3,2022,2024,50,10
Ashley Ambrose,Mississippi Valley State,3,2000,2002,48,48
Morten Andersen,Michigan State,8,1995,2007,124,0
Troy Andersen,Montana State,3,2022,2024,26,11
Abdullah Anderson,Bucknell,1,2022,2022,16,8
Anthony Anderson,Temple,1,1980,1980,16,0
Courtney Anderson,Contra Costa JC; San Jose State,1,2007,2007,2,0
Darren Anderson,Toledo,1,1998,1998,5,0
Dunstan Anderson,Tulsa,1,1994,1994,1,0
Jamaal Anderson,Arkansas,4,2007,2010,60,47
Jamal Anderson,Moorpark JC; Utah,8,1994,2001,88,64
Taz Anderson,Georgia Tech,2,1966,1967,16,2
Tim Anderson,Ohio State,1,2007,2007,5,0
Josh Andrews,Oregon State,1,2021,2021,2,0
William Andrews,Auburn,6,1979,1986,87,72
Eli Ankou,UCLA,1,2023,2023,1,0
Lester Archambeau,Stanford,7,1993,1999,108,90
David Archer,Snow JC; Iowa State,4,1984,1987,38,23
Javier Arenas,Alabama,1,2014,2014,6,0
Cornell Armstrong,Southern Mississippi,1,2022,2022,10,4
Jon Asamoah,Illinois,1,2014,2014,15,15
Corey Atkins,South Carolina,1,2000,2000,12,0
Joe Auer,Miami (Florida); Georgia Tech,1,1968,1968,7,0
Cliff Austin,Clemson,3,1984,1986,44,1
Jonathan Babineaux,Iowa,12,2005,2016,185,133
Rick Badanjek,Maryland,2,1987,1988,8,2
Allen Bailey,Miami (Florida),2,2019,2020,31,9
Jim Bailey,Kansas,3,1976,1978,37,35
Larry Bailey,Foothill JC; Pacific,1,1974,1974,1,0
Stacey Bailey,San Jose State,9,1982,1990,91,59
Eugene Baker,Kent State,2,1999,2000,4,1
Sam Baker,Southern California,6,2008,2013,70,61
Sean Baker,Ball State,1,2014,2014,5,0
Tony Baker,East Carolina,1,1986,1986,2,0
Chris Banks,Kansas,1,2000,2000,8,4
Kenjon Barner,Oregon,1,2019,2019,14,0
Gary Barnes,Clemson,2,1966,1967,22,7
Lew Barnes,San Diego Mesa JC; Oregon,1,1988,1988,13,0
Doug Barnett,Azusa Pacific,1,1987,1987,10,0
Oliver Barnett,Kentucky,3,1990,1992,46,8
Milton Barney,Alcorn State,1,1987,1987,3,3
Steve Bartkowski,California,11,1975,1985,123,121
Rich Bartlewski,Fresno State,1,1991,1991,1,0
Joplo Bartu,Texas State,3,2013,2015,39,28
Daren Bates,Auburn,1,2021,2021,7,0
Jessie Bates,Wake Forest,2,2023,2024,34,34
Patrick Bates,UCLA; Texas A&M,1,1996,1996,15,9
D'Anthony Batiste,Louisiana-Lafayette,1,2007,2007,4,4
Chris Bayne,San Bernardino Valley JC; Fresno State,2,1997,1998,23,0
Zane Beadles,Utah,1,2018,2018,9,5
Bubba Bean,Texas A&M,3,1976,1979,40,34
Aaron Beasley,West Virginia,1,2004,2004,14,3
Vic Beasley,Clemson,5,2015,2019,78,60
Nick Bebout,Wyoming,3,1973,1975,40,8
Jordan Beck,Cal Poly (San Luis Obispo),1,2006,2006,15,0
Brad Beckman,Nebraska-Omaha,1,1989,1989,15,2
Bill Bell,Kansas,2,1971,1972,28,0
Quinton Bell,Prairie View A&M,1,2022,2022,4,0
Travis Bell,Kennesaw State,1,2023,2023,5,1
Willie Belton,Maryland-Eastern Shore,2,1971,1972,28,0
Dan Benish,Clemson,4,1983,1986,52,27
Cornelius Bennett,Alabama,3,1996,1998,45,45
Michael Bennett,Ohio State,1,2018,2018,2,0
Cliff Benson,Purdue,2,1984,1985,32,30
Duane Benson,Hamline,2,1972,1973,28,0
Tom Benson,Oklahoma,2,1984,1985,32,1
Scott Bentley,Florida State,1,1997,1997,2,0
Matthew Bergeron,Syracuse,2,2023,2024,34,34
Eric Bergeson,Snow JC; Brigham Young,1,1990,1990,13,0
Jared Bernhardt,Maryland; Ferris State,1,2022,2022,2,0
Bob Berry,Oregon,5,1968,1972,54,49
Louis Berry,Florida State,1,1987,1987,2,0
J.D. Bertrand,Notre Dame,1,2024,2024,12,0
Justin Bethel,Presbyterian,1,2018,2018,14,0
Eric Beverly,Miami (Ohio),3,2004,2006,45,7
Martin Bibla,Miami (Florida),3,2002,2004,32,2
Kroy Biermann,Montana,8,2008,2015,114,37
Dwight Bingham,Mississippi,1,1987,1987,3,0
Guy Bingham,Montana,3,1989,1991,45,0
J.J. Birden,Oregon,2,1995,1996,22,22
Greg Bishop,Pacific,1,1999,1999,13,2
Chris Blair,Hinds CC; Alcorn State,2,2023,2024,6,0
Christian Blake,Northern Illinois,3,2019,2021,40,3
Dwayne Blakley,Missouri,4,2004,2007,59,9
Justin Blalock,Texas,8,2007,2014,125,125
Tom Bleick,Georgia Tech,1,1967,1967,2,1
Juran Bolden,Mississippi Delta CC,5,1996,2003,48,15
Michael Boley,Southern Mississippi,4,2005,2008,64,52
Marty Booker,Louisiana-Monroe,1,2009,2009,16,1
Michael Booker,Nebraska,3,1997,1999,42,10
Chris Bordano,Southern Methodist,1,2000,2000,2,0
Matt Bosher,Miami (Florida),9,2011,2019,130,0
Bruce Bosley,West Virginia,1,1969,1969,12,11
Kenny Bowen,East Tennessee State,1,1987,1987,1,0
Tony Bowick,Tennessee-Chattanooga,1,1989,1989,12,0
Andy Bowling,Virginia Tech,1,1967,1967,6,0
Sean Boyd,North Carolina,1,1996,1996,2,0
Allen Bradford,Southern California,1,2015,2015,6,0
Ronnie Bradford,Colorado,5,1997,2001,76,69
John Bramlett,Memphis,1,1971,1971,7,0
David Brandon,Memphis,2,1996,1997,20,6
Bob Breitenstein,Tulsa,2,1969,1970,17,10
Sean Brewer,Riverside CC; San Jose State,1,2003,2003,9,0
Greg Brezina,Houston,11,1968,1979,151,140
James Britt,Louisiana State,5,1983,1987,60,28
Eric Brock,Auburn,2,2008,2009,3,0
Keith Brooking,Georgia Tech,11,1998,2008,161,146
Ethan Brooks,Williams,1,1996,1996,2,0
Jon Brooks,Clemson,1,1980,1980,4,0
Natrone Brooks,Copiah-Lincoln CC; Southern Mississippi,1,2024,2024,9,0
Tony Brooks-James,Oregon,1,2020,2020,1,0
Steve Broussard,Washington State,4,1990,1993,50,16
Aaron Brown,Ohio State,2,1986,1987,22,1
Charlie Brown,South Carolina State,3,1985,1987,35,24
Clay Brown,Brigham Young,1,1982,1982,1,0
Greg Brown,Kansas State; Eastern Illinois,2,1987,1988,28,6
Jamon Brown,Louisville,1,2019,2019,10,9
Omar Brown,North Carolina,2,1998,1999,15,0
Ray Brown,West Texas A&M,7,1971,1977,94,92
Reggie Brown,Pasadena CC; Oregon,2,1982,1983,10,0
Tyrone Brown,Toledo,2,1995,1996,15,9
Aundray Bruce,Auburn,4,1988,1991,62,35
Rob Bruggeman,Iowa,2,2010,2011,2,0
Mike Brunson,Mesa CC; Arizona State,1,1970,1970,8,0
Rick Bryan,Oklahoma,9,1984,1993,109,91
Charlie Bryant,Allen,2,1968,1969,16,2
Matt Bryant,Trinity Valley CC; Panola C; Oregon State; Baylor,11,2009,2019,147,0
Romby Bryant,Northeastern Oklahoma A&M JC; Tulsa,1,2005,2005,3,0
Warren Bryant,Kentucky,8,1977,1984,99,94
Ray Buchanan,Louisville,7,1997,2003,107,99
Jonathan Bullard,Florida,1,2021,2021,9,4
Vern Burke,Bakersfield CC; Oregon State,1,1966,1966,14,8
Gary Burley,Wharton County JC; Pittsburgh,1,1984,1984,12,8
John Burrough,Washington State; Wyoming,4,1995,1998,64,5
Ken Burrow,Utah State; San Diego State,5,1971,1975,64,62
Jimmy Burson,Auburn,1,1968,1968,14,14
Deante Burton,Kansas State,1,2018,2018,1,0
Devin Bush,Florida State,4,1995,1998,56,36
Bobby Butler,Florida State,12,1981,1992,169,126
Jerry Butler,Tennessee Military Institute JC; East Tennessee State,1,1987,1987,1,0
Jim Butler,Edward Waters,4,1968,1971,53,45
Rick Byas,Eastern Michigan; Wayne State (Michigan),7,1974,1980,103,44
Damiere Byrd,South Carolina,2,2022,2023,15,4
Sylvester Byrd,Kansas,1,1987,1987,3,2
Brian Cabral,Colorado,1,1979,1979,3,0
Dave Cahill,Northern Arizona,1,1969,1969,11,8
Lynn Cain,East Los Angeles JC; Southern California,6,1979,1984,82,45
Lee Calland,Louisville,3,1966,1968,35,35
Chris Calloway,Michigan,1,1999,1999,11,6
Reggie Camp,California,1,1988,1988,4,0
Calais Campbell,Miami (Florida),1,2023,2023,17,17
De'Vondre Campbell,Hutchinson CC; Minnesota,4,2016,2019,59,54
Scott Campbell,Purdue,4,1986,1990,21,11
Sonny Campbell,Northern Arizona,2,1970,1971,25,1
Gabe Carimi,Wisconsin,1,2014,2014,16,7
James Carpenter,Coffeyville CC; Alabama,2,2019,2020,24,24
Keion Carpenter,Virginia Tech,3,2002,2005,46,39
Paul Carrington,Central Florida,1,2006,2006,15,2
Bruce Carter,North Carolina,1,2018,2018,11,0
Jamal Carter,Miami (Florida),2,2019,2020,12,0
Lorenzo Carter,Georgia,3,2022,2024,47,29
Marty Carter,Middle Tennessee State,3,1999,2001,32,32
Johndale Carty,Utah State,4,1999,2002,61,3
Scott Case,Northeastern Oklahoma A&M JC; Oklahoma,11,1984,1994,162,123
Antoine Cash,Southern Mississippi,1,2005,2005,3,0
Chris Cash,Palomar JC; Southern California,1,2005,2005,3,0
Rick Cash,Missouri; Truman State,1,1968,1968,14,7
Tony Casillas,Oklahoma,5,1986,1990,66,57
Wendell Cason,Oregon,3,1985,1987,33,22
Grady Cavness,Texas-El Paso,1,1970,1970,4,0
Joe Cerne,Northwestern,1,1968,1968,6,0
Pat Chaffey,Oregon State,1,1991,1991,14,2
Kirk Chambers,Stanford,1,2011,2011,3,0
Chris Chandler,Washington,5,1997,2001,68,67
Jamar Chaney,Mississippi State,1,2013,2013,1,0
Mike Chapman,Texas,1,1984,1984,4,0
Wes Chesson,Duke,3,1971,1973,29,29
Chris Chester,Oklahoma,2,2015,2016,32,32
Darrin Chiaverini,Colorado,1,2002,2002,7,0
Henry Childs,Kansas State,1,1974,1974,6,0
Bob Christian,Northwestern,6,1997,2002,93,69
Tyson Clabo,Wake Forest,7,2006,2012,101,101
Dennis Claridge,Nebraska,1,1966,1966,7,3
Travis Claridge,Southern California,4,2000,2003,52,49
Bret Clark,Nebraska,3,1986,1988,29,28
Randy Clark,Northern Illinois,1,1987,1987,3,3
Vinnie Clark,Ohio State,2,1993,1994,26,20
Ben Claxton,Mississippi,1,2005,2005,2,0
Adrian Clayborn,Iowa,4,2015,2019,60,14
Stan Clayton,Penn State,2,1988,1989,15,11
DeAndra Cobb,Antelope Valley JC; Michigan State,1,2005,2005,3,0
Junior Coffey,Washington,3,1966,1969,34,34
Chase Coffman,Missouri,2,2012,2013,16,0
Gail Cogdill,Washington State,2,1969,1970,19,17
Angelo Coia,The Citadel; Southern California,1,1966,1966,6,3
Derrick Coleman,UCLA,1,2017,2017,16,7
Erik Coleman,Washington State,3,2008,2010,44,33
Rod Coleman,East Carolina,4,2004,2007,49,49
Tevin Coleman,Indiana,4,2015,2018,56,20
Calvin Collins,Texas A&M,4,1997,2000,61,53
Jalen Collins,Louisiana State,2,2015,2016,24,8
Shawn Collins,Northern Arizona,3,1989,1991,36,23
Sonny Collins,Kentucky,1,1976,1976,11,5
Dustin Colquitt,Tennessee,1,2021,2021,6,0
John Cominsky,Charleston,3,2019,2021,27,0
Tom Compton,South Dakota,1,2016,2016,16,0
Jon Condo,Maryland,1,2018,2018,4,0
Glen Condren,Oklahoma,4,1969,1972,45,37
Kevin Cone,Shorter; Georgia Tech,3,2011,2013,29,0
Darion Conner,Jackson State,4,1990,1993,61,48
Ed Cook,Notre Dame,2,1966,1967,18,18
Evan Cooper,Michigan,2,1988,1989,25,13
Jim Cope,Ohio State,1,1976,1976,6,0
Brandon Copeland,Pennsylvania,1,2021,2021,16,3
Olie Cordill,Memphis,1,1968,1968,1,0
Chuck Correal,Penn State,1,1980,1980,16,0
Joe Costello,Central Connecticut State,3,1986,1988,29,4
Marcus Cotton,Southern California,3,1988,1990,34,7
Ted Cottrell,Delaware Valley,2,1969,1970,24,1
Terry Cousin,South Carolina,1,2000,2000,15,0
Kirk Cousins,Michigan State,1,2024,2024,14,14
Arthur Cox,Texas Southern,5,1983,1987,76,66
Mike Cox,Georgia Tech,2,2011,2012,17,12
Jack Crawford,Penn State,3,2017,2019,36,15
Chris Crocker,Marshall,2,2006,2007,30,30
Henri Crockett,Florida State,5,1997,2001,73,61
David Croudip,Ventura JC; San Diego State,4,1985,1988,44,9
Larry Crowe,Texas Southern,1,1975,1975,5,0
Dane Cruikshank,Citrus JC; Arizona,1,2024,2024,2,0
Alge Crumpler,North Carolina,7,2001,2007,108,93
Willie Curran,UCLA,3,1982,1984,37,0
Buddy Curry,North Carolina,8,1980,1987,109,107
John Cyprien,Florida International,1,2019,2019,1,1
Carlton Dabney,Morgan State,1,1968,1968,14,14
Harvey Dahl,Nevada-Reno,4,2007,2010,44,43
Drew Dalman,Stanford,4,2021,2024,57,40
Jalen Dalton,North Carolina,1,2022,2022,7,0
Brad Daluiso,San Diego State; Grossmont JC; UCLA,1,1991,1991,2,0
Woody Dantzler,Clemson,1,2003,2003,9,0
Frank Darby,Arizona State,3,2021,2023,15,0
Marlon Davidson,Auburn,2,2020,2021,20,2
Antone Davis,Tennessee,2,1996,1997,19,13
Brad Davis,Louisiana State,2,1975,1976,4,0
Chauncey Davis,Jones County JC; Florida State,6,2005,2010,96,25
D.J. Davis,Oregon,3,2012,2014,38,3
Dominique Davis,Boston College; Fort Scott CC; East Carolina,1,2013,2013,1,0
Greg Davis,The Citadel,4,1987,1990,41,0
Mike Davis,South Carolina,1,2021,2021,17,8
Nathan Davis,Indiana,1,1997,1997,2,0
Paul Davis,North Carolina,2,1981,1982,22,1
Ron Davis,Tennessee,1,1995,1995,12,5
Scott Davis,Iowa,1,1997,1997,2,2
Tae Davis,Tennessee-Chattanooga,1,2023,2023,8,0
Tyeler Davison,Fresno State,3,2019,2021,44,38
Tony Daykin,Georgia Tech,3,1979,1981,43,0
Steve DeBerg,Fullerton JC; San Jose State,1,1998,1998,8,1
Thomas DeCoud,California,6,2008,2013,89,78
Darqueze Dennard,Michigan State,1,2020,2020,8,7
Akeem Dent,Georgia,3,2011,2013,47,20
Eric Dickerson,Southern Methodist,1,1993,1993,4,2
Matt Dickerson,UCLA,1,2022,2022,6,0
Steve Dils,Stanford,1,1988,1988,7,3
Patrick DiMarco,South Carolina,4,2013,2016,62,30
Charles Dimry,Nevada-Las Vegas,3,1988,1990,48,18
Howard Dinkins,Florida State,1,1993,1993,3,0
Floyd Dixon,Stephen F. Austin State,6,1986,1991,84,48
Rich Dixon,California,1,1983,1983,14,0
Al Dodd,Northwestern State (Louisiana),2,1973,1974,27,22
Chris Doleman,Pittsburgh,2,1994,1995,30,23
Jeff Donaldson,Colorado,3,1991,1993,45,18
Rick Donnelly,Wyoming,4,1985,1988,55,0
Mike Donohoe,San Francisco,3,1968,1971,37,0
Brandon Dorlus,Oregon,1,2024,2024,2,0
Harry Douglas,Louisville,6,2008,2014,91,26
Gary Downs,North Carolina State,3,1997,2000,48,1
Chris Draft,Stanford,5,2000,2004,71,52
Shane Dronett,Texas,6,1996,2001,71,51
T.J. Duckett,Michigan State,4,2002,2005,55,13
Kevin Dudley,Michigan,2,2005,2006,2,0
Dan Dufour,UCLA,2,1983,1984,22,3
Steve Duich,San Diego Mesa JC; San Diego State,1,1968,1968,12,4
Jamie Dukes,Florida State,8,1986,1993,110,89
Dave Dunaway,Duke,1,1968,1968,8,0
LaTarence Dunbar,Texas Christian,1,2003,2003,5,0
Jamie Duncan,Vanderbilt,1,2004,2004,4,2
Perry Lee Dunn,Mississippi,3,1966,1968,42,5
Warrick Dunn,Florida State,6,2002,2007,90,83
Bud Dupree,Kentucky,1,2023,2023,16,16
Justin Durant,Hampton,1,2015,2015,13,12
Ross Dwelley,San Diego,1,2024,2024,17,0
Tim Dwight,Iowa,3,1998,2000,38,9
Ron East,Oregon State; Columbia Basin JC; Oregon State; Montana State,1,1976,1976,14,1
Ray Easterling,Richmond,8,1972,1979,83,60
Irv Eatman,UCLA,1,1994,1994,4,0
Tracey Eaton,Portland State,2,1991,1993,32,1
Rick Eber,El Camino JC; Tulsa,1,1968,1968,1,0
Arnold Ebiketie,Temple; Penn State,3,2022,2024,51,9
Chuma Edoga,Southern California,1,2022,2022,2,1
Antonio Edwards,Valdosta State,1,1998,1998,15,0
Antuan Edwards,Clemson,1,2005,2005,4,1
Austin Edwards,Ferris State,1,2020,2020,1,0
Brad Edwards,South Carolina,3,1994,1996,33,7
Bryan Edwards,South Carolina,1,2022,2022,7,1
Herman Edwards,California; Monterey Peninsula JC; California; San Diego State,1,1986,1986,3,0
Ray Edwards,Purdue,2,2011,2012,25,20
Terrence Edwards,Georgia,1,2003,2003,6,0
Milo Eifler,Washington; Illinois,1,2023,2023,2,0
Jason Elam,Hawaii,2,2008,2009,27,0
Monroe Eley,Palo Verde JC; Arizona State,2,1975,1977,13,7
Emmanuel Ellerbee,Rice,1,2021,2021,4,0
Jamin Elliott,Delaware,1,2006,2006,1,0
Clarence Ellis,Notre Dame,3,1972,1974,41,41
Kaden Elliss,Idaho,2,2023,2024,34,34
Bert Emanuel,UCLA; Rice,4,1994,1997,62,61
Larry Emery,Wisconsin,1,1987,1987,5,0
Dick Enderle,Minnesota,3,1969,1971,40,25
Tory Epps,Memphis,4,1990,1993,50,22
Mike Esposito,Boston College,3,1976,1978,40,4
Dorian Etheridge,Louisville,1,2021,2021,7,0
Bob Etter,Georgia,2,1968,1969,28,0
John Evans,Stephen F. Austin State,1,1987,1987,1,1
Rashaan Evans,Alabama,2,2022,2024,19,17
Major Everett,Mississippi College,1,1987,1987,7,0
William Evers,Florida A&M,2,1990,1991,4,0
Bradie Ewing,Wisconsin,1,2013,2013,2,2
Eric Fairs,Memphis,1,1992,1992,2,0
Karl Farmer,Los Angeles Southwest JC; Pittsburgh,2,1976,1977,15,0
Jimmy Farris,Montana,2,2003,2004,30,0
Wilson Faumuina,San Jose State,5,1977,1981,74,26
Brett Favre,Southern Mississippi,1,1991,1991,2,0
Jay Feely,Michigan,4,2001,2004,64,0
Rashad Fenton,South Carolina,1,2022,2022,2,1
Jim Ferguson,Cerritos JC; Southern California,1,1969,1969,2,2
Edgar Fields,Navarro JC; Texas A&M,4,1977,1980,60,19
Scott Fields,Southern California,1,1996,1996,6,0
Brian Finneran,Villanova,9,2000,2010,126,38
Anthony Firkser,Harvard,1,2022,2022,11,1
Joe Fishback,Carson-Newman,2,1991,1992,22,0
Tucker Fisk,Stanford,1,2023,2023,6,2
Mickey Fitzgerald,Virginia Tech,1,1981,1981,1,0
Mike FitzGerald,Iowa State,1,1967,1967,2,0
John FitzPatrick,Georgia,1,2023,2023,9,0
Paul Flatley,Northwestern,3,1968,1970,42,33
Ronald Flemons,Texas A&M,2,2001,2002,5,0
Kenny Flowers,Clemson,2,1987,1989,16,2
Tre Flowers,Oklahoma State,1,2023,2023,17,3
Darryl Ford,New Mexico State,1,1994,1994,15,0
Mike Ford,Southeast Missouri State,1,2022,2022,17,2
Kynan Forney,Trinity Valley CC; Hawaii,7,2001,2007,95,89
Roman Fortin,Oregon State; San Diego State,6,1992,1997,83,52
Renardo Foster,Louisville,1,2007,2007,7,2
Jamal Fountaine,Washington,1,1997,1997,3,0
Dante Fowler,Florida,2,2020,2021,28,19
Domonique Foxworth,Maryland,1,2008,2008,14,10
Bill Fralic,Pittsburgh,8,1985,1992,116,115
Wallace Francis,Arkansas-Pine Bluff,7,1975,1981,106,80
George Franklin,Texas A&M-Kingsville,1,1978,1978,15,0
Dominique Franks,Oklahoma,4,2010,2013,46,4
Feleipe Franks,Florida; Arkansas,2,2021,2022,20,1
Simon Fraser,Ohio State,1,2008,2008,5,0
Devonta Freeman,Florida State,6,2014,2019,77,60
Mike Freeman,Fresno State,3,1968,1970,37,6
Dwight Freeney,Syracuse,1,2016,2016,15,1
Ted Fritsch,St. Norbert,3,1972,1974,42,0
Elliott Fry,South Carolina,1,2020,2020,1,0
Dave Frye,Santa Ana JC; Purdue,3,1983,1985,46,18
Jamaal Fudge,Clemson,2,2008,2009,13,1
Scott Fulhage,Kansas State,4,1989,1992,64,0
Randy Fuller,Tennessee State,1,1998,1998,13,0
Brandon Fusco,Slippery Rock,1,2018,2018,7,7
Taylor Gabriel,Abilene Christian,2,2016,2017,29,7
Russell Gage,Louisiana State,4,2018,2021,61,21
Blane Gaison,Hawaii,4,1981,1984,54,0
Omar Gaither,Tennessee,1,2013,2013,8,1
Frank Gallagher,North Carolina,1,1973,1973,3,1
Tommy Gallarda,Boise State,1,2012,2012,9,0
Wayne Gallman,Clemson,1,2021,2021,6,0
Wayne Gandy,Auburn,3,2006,2008,28,21
Mike Gann,Notre Dame,9,1985,1993,118,117
Jim Garcia,Purdue,1,1968,1968,1,0
Derrick Gardner,California,1,1999,1999,7,0
Moe Gardner,Illinois,6,1991,1996,90,86
Ben Garland,Air Force,3,2016,2018,46,7
Roberto Garza,Texas A&M-Kingsville,4,2001,2004,52,31
Trevor Gaylor,Miami (Ohio),1,2002,2002,13,2
Joe Gaziano,Northwestern,1,2023,2023,2,0
Jumpy Geathers,Paducah JC; Wichita State,3,1993,1995,46,3
Jeff George,Purdue; Illinois,3,1994,1996,35,35
Ron George,Air Force; Stanford,4,1993,1996,60,28
Steve George,Houston,1,1976,1976,1,0
Tom Geredine,Truman State,2,1973,1974,24,5
Jammi German,Miami (Florida),3,1998,2000,29,0
Willie Germany,Morgan State,1,1972,1972,12,0
Ralph Giacomarro,Penn State,3,1983,1985,37,0
Damon Gibson,Iowa,1,2002,2002,1,0
Lewis Gilbert,Florida,1,1978,1978,4,0
Tony Gilbert,Georgia,1,2009,2009,12,0
John Gilliam,South Carolina State,1,1976,1976,14,14
Paul Gipson,Houston,2,1969,1970,23,2
Glenn Glass,Tennessee,1,1966,1966,3,0
Bob Glazebrook,Fresno CC; Fresno State,6,1978,1983,78,42
Junior Glymph,Carson-Newman,2,2004,2005,6,0
Charles Godfrey,Iowa,2,2014,2015,13,0
Willard Goff,Dodge City CC; Illinois; West Texas A&M,1,1985,1985,7,0
Bill Goldberg,Georgia,3,1992,1994,14,1
Eddie Goldman,Florida State,1,2024,2024,17,10
Dashon Goldson,Coffeyville CC; Washington,1,2016,2016,4,0
Matt Gono,Wesley,2,2019,2020,21,4
Leon Gonzalez,Bethune-Cookman,1,1987,1987,2,0
Tony Gonzalez,California,5,2009,2013,80,80
Malliciah Goodman,Clemson,4,2013,2016,36,11
C.J. Goodwin,Bethany; Fairmont State; California (Pennsylvania),2,2016,2017,26,1
Doug Goodwin,Maryland-Eastern Shore,1,1968,1968,2,0
Darrien Gordon,Stanford,1,2001,2001,16,2
Dwayne Gordon,New Hampshire,2,1993,1994,21,0
Tim Gordon,Tulsa,4,1987,1990,46,26
Colby Gossett,Appalachian State,2,2021,2022,30,5
Len Gotshalk,Santa Rosa JC; Cal Poly (Humboldt),5,1972,1976,66,40
Jermaine Grace,Miami (Florida),2,2017,2019,17,0
Gino Gradkowski,West Virginia; Delaware,1,2015,2015,3,1
Jaeden Graham,Yale,2,2019,2020,32,0
Shayne Graham,Virginia Tech,1,2015,2015,5,0
Ta'Quon Graham,Texas,4,2021,2024,49,16
Norm Granger,Iowa,1,1987,1987,3,1
Richie Grant,Central Florida,4,2021,2024,67,33
Paul Gray,Western Kentucky,1,1987,1987,2,0
Tony Graziani,Oregon,3,1997,1999,17,5
Harold Green,South Carolina,2,1997,1998,22,1
Lamont Green,Florida State,1,1999,1999,1,0
Tim Green,Syracuse,8,1986,1993,99,71
T.J. Green,Clemson,2,2020,2021,7,1
Tiger Greene,Western Carolina,1,1985,1985,10,7
Donovan Greer,Texas A&M,1,1997,1997,1,0
Steve Griffin,Clemson,1,1987,1987,4,0
Steve Griffin,Purdue,1,1987,1987,2,0
Justin Griffith,Mississippi State,4,2003,2006,60,48
Brent Grimes,Shippensburg,6,2007,2012,59,43
Dan Grimm,Colorado,3,1966,1968,30,30
Harland Gunn,Miami (Florida),2,2013,2014,13,1
Todd Gurley,Georgia,1,2020,2020,15,15
Jovaughn Gwyn,South Carolina,2,2023,2024,2,0
Ra'Shede Hageman,Minnesota,3,2014,2016,44,16
Ali Haji-Sheikh,Michigan,1,1986,1986,6,0
Corey Hall,Appalachian State,1,2001,2001,3,0
Cory Hall,Fresno State,2,2003,2004,25,23
Darren Hall,San Diego State,2,2021,2022,31,10
DeAngelo Hall,Virginia Tech,4,2004,2007,57,55
James Hall,Northwestern State (Louisiana),1,1987,1987,3,0
Marvin Hall,Washington,3,2017,2021,26,0
Travis Hall,Brigham Young,10,1995,2004,134,92
Tyler Hall,Wyoming,1,2020,2020,9,0
Bob Hallen,Kent State,4,1998,2001,59,31
Dean Halverson,Washington,1,1970,1970,7,0
Antonio Hamilton,South Carolina State,1,2024,2024,11,0
Conrad Hamilton,New Mexico Military Institute JC; Eastern New Mexico,1,2001,2001,6,0
Ruffin Hamilton,Tulane,3,1997,1999,39,1
Dave Hampton,Wyoming,5,1972,1976,52,49
Kwante Hampton,Oregon; Long Beach State,1,1987,1987,1,0
Leonard Hankerson,Miami (Florida),1,2015,2015,8,0
Don Hansen,Illinois,7,1969,1975,95,94
Byron Hanspard,Texas Tech,2,1997,1999,28,4
Justin Hardy,East Carolina,5,2015,2019,73,6
Sean Harlow,Oregon State,1,2019,2019,1,0
Duron Harmon,Rutgers,1,2021,2021,17,17
Tom Harmon,Gustavus Adolphus,1,1967,1967,10,0
John Harper,Southern Illinois,1,1983,1983,13,0
Roger Harper,Ohio State,3,1993,1995,42,34
Joey Harrington,Oregon,1,2007,2007,12,10
Antoine Harris,Louisville,3,2007,2009,35,0
Billy Harris,Colorado,1,1968,1968,6,4
Bryce Harris,Fresno State,1,2015,2015,1,0
Charles Harris,Missouri,1,2020,2020,13,1
Demone Harris,Buffalo,1,2024,2024,9,0
Erik Harris,California (Pennsylvania),2,2021,2022,26,13
Josh Harris,Auburn,10,2012,2021,156,0
Leonard Harris,Austin; Texas Tech,1,1994,1994,8,2
Ronnie Harris,Oregon,2,1998,1999,19,0
Roy Harris,Florida,2,1984,1985,20,0
Dennis Harrison,Vanderbilt,2,1986,1987,22,5
Jonotthan Harrison,Florida,1,2022,2022,1,0
Zach Harrison,Ohio State,2,2023,2024,33,1
Leo Hart,Duke,1,1971,1971,1,0
Ben Hartsock,Ohio State,1,2008,2008,11,11
Edgerton Hartwell,Wisconsin; Western Illinois,2,2005,2006,13,11
Dennis Havig,Colorado,4,1972,1975,55,53
A.J. Hawk,Ohio State,1,2016,2016,1,0
Alex Hawkins,South Carolina,2,1966,1967,15,14
Jaylinn Hawkins,California,4,2020,2023,51,22
Joe Hawley,Nevada-Las Vegas,5,2010,2014,57,23
Steve Haworth,Oklahoma,2,1983,1984,16,0
Kelvin Hayden,Joliet JC; Illinois,1,2011,2011,8,1
Mercury Hayes,Michigan,1,1997,1997,2,0
Tom Hayes,Riverside CC; San Diego State,5,1971,1975,69,69
Michael Haynes,Eastern Arizona JC; Northern Arizona,7,1988,1997,99,72
Verron Haynes,Western Kentucky; Georgia,1,2009,2009,7,2
Casey Hayward,Vanderbilt,1,2022,2022,6,6
Ronnie Heard,Mississippi,1,2005,2005,16,5
Rodney Heath,Minnesota,1,2002,2002,1,0
Bobby Hebert,Northwestern State (Louisiana),4,1993,1996,40,25
Ralph Heck,Colorado,3,1966,1968,41,27
Taylor Heinicke,Old Dominion,1,2023,2023,5,4
DeMarcco Hellams,Alabama,1,2023,2023,15,4
Ron Heller,Oregon State,1,1989,1989,15,14
Jim Hendley,Florida State,1,1987,1987,3,3
Matt Hennessy,Temple,4,2020,2024,46,22
Chuck Herman,Arkansas,1,1980,1980,2,0
Steve Herndon,Georgia,1,2004,2004,15,1
Mack Herron,Hutchinson CC; Kansas State,1,1975,1975,4,0
Parker Hesse,Iowa,3,2021,2023,28,8
Devin Hester,Miami (Florida),2,2014,2015,21,1
Jessie Hester,Florida State,1,1988,1988,16,3
Dave Hettema,Pasadena CC; New Mexico,1,1970,1970,6,0
Craig Heyward,Pittsburgh,3,1994,1996,47,32
Alex Higdon,Ohio State,1,1988,1988,3,0
Brian Hill,Wyoming,4,2017,2020,39,3
Drew Hill,Georgia Tech,2,1992,1993,32,21
Kahlil Hill,Iowa,1,2002,2002,1,0
Tye Hill,Clemson,1,2009,2009,8,3
Roy Hilton,Jackson State,1,1975,1975,12,1
Chris Hinton,Northwestern,4,1990,1993,63,60
Kyle Hinton,Washburn,2,2023,2024,33,0
Floyd Hodge,Los Angeles Valley JC; Utah,3,1982,1984,33,7
KhaDarel Hodge,Hinds CC; Prairie View A&M,3,2022,2024,51,7
Sterling Hofrichter,Syracuse,1,2020,2020,16,0
John Holecek,Illinois,1,2002,2002,12,11
Mack Hollins,North Carolina,1,2023,2023,14,3
Bob Holly,Princeton,1,1985,1985,4,0
Lamar Holmes,Itawamba CC; Southern Mississippi,3,2012,2014,21,19
Rudy Holmes,Saddleback JC; Drake,1,1974,1974,8,0
Pierce Holt,Wharton County JC; Angelo State,3,1993,1995,39,37
Austin Hooper,Stanford,4,2016,2019,59,28
Houston Hoover,Jackson State,5,1988,1992,79,72
Chris Hope,Florida State,1,2012,2012,16,4
Joe Horn,Itawamba CC,1,2007,2007,12,12
Timmy Horne,North Carolina-Charlotte; Kansas State,2,2022,2023,20,5
Chris Houston,Arkansas,3,2007,2009,44,37
Thomas Howard,Texas-El Paso,1,2013,2013,2,0
Glen Howe,Southern Mississippi,2,1985,1986,12,4
Pat Howell,Southern California,5,1979,1983,47,16
Floyd Hudlow,Phoenix JC; Arizona,2,1967,1968,17,9
Chris Hudson,Colorado,1,2001,2001,15,2
Charlie Huff,Presbyterian,1,1987,1987,3,2
Albert Huggins,Clemson,1,2023,2023,13,5
Bob Hughes,Rust; Jackson State,2,1967,1969,16,0
Mike Hughes,North Carolina; Garden City CC; Central Florida,2,2023,2024,30,19
Claude Humphrey,Tennessee State,10,1968,1978,127,127
John Hunter,Brigham Young,3,1989,1991,21,3
Scott Hunter,Alabama,2,1976,1977,15,13
Caleb Huntley,Ball State,1,2022,2022,12,0
Kevin Huntley,Valley Forge Military Academy JC; Kansas State,1,2007,2007,5,0
Richard Huntley,Winston-Salem State,1,1996,1996,1,0
Hayden Hurst,South Carolina,2,2020,2021,29,14
Tom Hutchinson,Kentucky,1,1966,1966,5,0
Germain Ifedi,Texas A&M,1,2022,2022,17,0
Godwin Igwebuike,Northwestern,1,2023,2023,2,0
David Irons,Butler CC; Auburn,2,2007,2008,20,0
Bruce Irvin,Butler CC; Mount San Antonio JC; West Virginia,1,2018,2018,8,3
Kemal Ishmael,Central Florida,7,2013,2019,95,23
Eric Jack,New Mexico,1,1994,1994,16,0
Alfred Jackson,Texas,7,1978,1984,88,28
Chevis Jackson,Louisiana State,2,2008,2009,31,3
Ernie Jackson,Duke,1,1978,1978,16,0
Grady Jackson,Hinds CC; Knoxville,3,2006,2008,38,36
Jeff Jackson,Auburn,2,1984,1985,27,1
Lamar Jackson,Nebraska,1,2024,2024,2,0
Larron Jackson,Missouri,2,1975,1976,28,28
Lawrence Jackson,Presbyterian,1,1987,1987,3,3
Marlion Jackson,Virginia Union; Saginaw Valley State,1,2006,2006,1,0
Robert Jackson,Trinity Valley CC; Texas A&M,1,1982,1982,4,0
Steven Jackson,Oregon State,2,2013,2014,27,27
T.J. Jackson,Auburn,1,2006,2006,5,0
Tyson Jackson,Louisiana State,3,2014,2016,48,35
Willie Jackson,Florida,1,2002,2002,7,1
John James,Florida,10,1972,1981,148,0
Robert James,Arizona State,3,2009,2012,18,0
Brandon Jamison,Southwest Mississippi CC; Clemson; West Georgia,1,2006,2006,3,0
Grady Jarrett,Clemson,10,2015,2024,152,137
Ray Jarvis,Norfolk State,2,1971,1972,6,0
Richard Jarvis,Brown,1,2018,2018,1,0
Ed Jasper,Texas A&M,6,1999,2004,86,58
Jason Jefferson,Wisconsin,1,2008,2008,13,1
Shawn Jefferson,Central Florida,3,2000,2002,45,27
Van Jefferson,Mississippi; Florida,1,2023,2023,12,5
Noel Jenke,Minnesota,1,1972,1972,1,0
Alfred Jenkins,Morris Brown,9,1975,1983,110,110
Mel Jenkins,Hinds CC; Cincinnati,1,1993,1993,14,3
Michael Jenkins,Ohio State,7,2004,2010,103,64
Adam Jennings,Fresno State,3,2006,2008,38,3
Peria Jerry,Mississippi,5,2009,2013,64,29
Travis Jervey,The Citadel,3,2001,2003,37,0
Bill Jobko,Ohio State,1,1966,1966,14,14
Billy Johnson,Widener,6,1982,1987,63,10
Darius Johnson,Southern Methodist,1,2013,2013,10,2
Derrick Johnson,Washington,1,2006,2006,2,0
D.J. Johnson,Kentucky,3,1994,1996,31,29
Doug Johnson,Florida,4,2000,2003,23,11
Ellis Johnson,Florida,2,2002,2003,32,5
Eric Johnson,Nebraska,1,2004,2004,16,0
Gartrell Johnson,Colorado State,1,2010,2010,9,0
Jaleel Johnson,Iowa,1,2022,2022,6,0
Kenny Johnson,Mississippi State,7,1980,1986,85,78
Mike Johnson,Alabama,2,2011,2012,18,1
Norm Johnson,UCLA,4,1991,1994,61,0
Randy Johnson,Texas A&M-Kingsville,5,1966,1970,46,38
Rudy Johnson,Nebraska,1,1966,1966,1,0
Terrence Johnson,California (Pennsylvania),1,2012,2012,2,0
Thomas Johnson,Middle Tennessee State,1,2009,2009,13,10
Tracy Johnson,Clemson,2,1990,1991,32,9
Undra Johnson,West Virginia,1,1989,1989,1,0
Bob Jones,Virginia Union,2,1975,1976,28,0
Deion Jones,Louisiana State,6,2016,2021,85,83
Derrick Jones,Victor Valley JC; Grand Valley State,1,2007,2007,1,0
Earl Jones,Norfolk State,4,1980,1983,57,0
Henry Jones,Illinois,1,2002,2002,9,0
Jerry Jones,Bowling Green State,1,1966,1966,8,0
Joey Jones,Alabama,1,1986,1986,11,2
Julio Jones,Alabama,10,2011,2020,135,134
June Jones,Oregon; Hawaii; Portland State,4,1977,1981,17,5
Keith Jones,Illinois,4,1989,1992,50,30
Lyndell Jones,Columbia Basin JC; Hawaii,1,1987,1987,3,2
Tony Jones,Angelina JC; Texas,1,1992,1992,10,4
Antony Jordan,Vanderbilt,2,2000,2001,12,0
Brian Jordan,Richmond,3,1989,1991,36,30
Matt Judon,Grand Valley State,1,2024,2024,17,15
Dave Kadela,Virginia Tech,1,2001,2001,1,0
John Kamana,Southern California,1,1987,1987,2,1
Danny Kanell,Florida State,2,1999,2000,8,2
Khalid Kareem,Notre Dame,1,2024,2024,2,0
Rick Kay,Colorado,1,1977,1977,7,0
Damontae Kazee,San Diego State,4,2017,2020,52,35
Jeff Kelly,Stephen F. Austin State; Garden City CC; Kansas State,2,1999,2000,28,7
Reggie Kelly,Mississippi State,5,1999,2011,78,49
Todd Kelly,Tennessee,1,1996,1996,2,0
Vince Kendrick,Florida,1,1974,1974,14,1
Mike Kenn,Michigan,17,1978,1994,251,251
Lincoln Kennedy,Washington,3,1993,1995,48,22
Patrick Kerney,Virginia,8,1999,2006,121,106
Josh Keyes,Boston College,1,2016,2016,1,0
Jeff Kiewel,Arizona,2,1985,1987,28,9
Todd Kinchen,Louisiana State,2,1997,1998,27,0
Greg Kindle,Tennessee State,2,1976,1977,11,10
Akeem King,San Jose State,1,2015,2015,5,0
Austin King,Northwestern,3,2004,2006,34,1
Jerome King,Purdue,2,1979,1980,3,0
Kevin King,Washington,1,2024,2024,15,1
Luther Kirk,Illinois State,1,2021,2021,1,0
Lou Kirouac,Boston College,2,1966,1967,22,4
Kurt Kittner,Illinois,1,2003,2003,7,4
Perry Klein,California; Long Island-Post,1,1994,1994,2,0
Leander Knight,Hudson Valley JC; Ferrum; Montclair State,2,1987,1988,3,0
Michael Koenen,Western Washington,6,2005,2010,96,0
Rich Koeper,San Mateo JC; Oregon State,1,1966,1966,4,0
Peter Konz,Wisconsin,3,2012,2014,39,28
Younghoe Koo,Georgia Southern,6,2019,2024,88,0
Brian Kozlowski,Connecticut,7,1997,2003,112,26
Erik Kramer,Los Angeles Pierce JC; North Carolina State,1,1987,1987,3,2
Rich Kraynak,Pittsburgh,1,1987,1987,9,8
Keith Krepfle,Iowa State,1,1982,1982,4,0
Rudy Kuechenberg,Indiana,1,1971,1971,3,0
George Kunz,Notre Dame,6,1969,1974,79,79
Jake Kupp,Washington,1,1967,1967,6,6
Fulton Kuykendall,UCLA,10,1975,1984,123,93
Nick Kwiatkoski,West Virginia,1,2022,2022,12,0
Antwan Lake,West Virginia,2,2004,2005,29,3
Ronnie Lamb,South Carolina,1,1972,1972,7,0
Nate Landman,Colorado,3,2022,2024,36,23
Mike Landrum,Southern Mississippi,1,1984,1984,15,0
Gene Lang,Louisiana State,3,1988,1990,34,10
Jeremy Langford,Michigan State,1,2018,2018,1,0
Austin Larkin,Notre Dame; San Francisco CC; Purdue,1,2019,2019,2,0
Jim Laughlin,Ohio State,4,1980,1987,44,16
Chad Lavalais,Louisiana State,2,2004,2005,30,20
Al Lavan,Colorado State,2,1969,1970,24,13
Kent Lawrence,Georgia,1,1970,1970,1,0
Rolland Lawrence,Tabor,8,1973,1980,118,104
George Layne,Texas Christian,4,2001,2004,9,0
John Leake,Clemson,2,2005,2006,22,0
Harper LeBel,Colorado State,6,1991,1996,83,2
Monte Ledbetter,Northwestern State (Louisiana),1,1969,1969,2,0
Bob Lee,Arizona State; San Francisco CC; Pacific,2,1973,1974,21,19
Bobby Lee,Minnesota,1,1969,1969,4,0
Danzell Lee,Lamar,1,1988,1988,5,0
Dwight Lee,Michigan State,1,1968,1968,11,0
Ronnie Lee,Baylor,1,1983,1983,14,0
Byron Leftwich,Marshall,1,2007,2007,3,2
John Leglue,Tulane,1,2023,2023,1,0
Matt Lehr,Virginia Tech,2,2005,2006,26,26
Ashley Lelie,Hawaii,1,2006,2006,15,10
Bruce Lemmerman,Northridge State,2,1968,1969,11,2
Greg Lens,Trinity (Texas),2,1970,1971,21,14
Rick Leonard,Florida State,1,2021,2021,2,0
Dave Levenick,Wisconsin,2,1983,1984,24,0
Andy Levitre,Oregon State,4,2015,2018,47,47
Mike Lewis,Wiley; Arkansas-Pine Bluff,9,1971,1979,120,96
Trey Lewis,Washburn,3,2007,2010,18,7
Errol Linden,Houston,3,1966,1968,42,42
Chris Lindstrom,Boston College,6,2019,2024,88,88
Curtis Lofton,Oklahoma,4,2008,2011,64,63
Ernie Logan,East Carolina,1,1993,1993,8,1
Drake London,Southern California,3,2022,2024,50,48
LaCale London,Iowa Central CC; Western Illinois,1,2023,2023,7,0
Bob Long,Wichita State,1,1968,1968,9,9
Jake Long,Michigan,1,2015,2015,4,0
Billy Lothridge,Georgia Tech,6,1966,1971,79,6
Calvin Loveall,Idaho,1,1988,1988,4,0
Omare Lowe,Washington,2,2005,2006,32,1
Dwight Lowery,Cabrillo JC; San Jose State,1,2014,2014,16,15
Mick Luckhurst,St. Cloud State; California,7,1981,1987,95,0
Mike Lush,East Stroudsburg,1,1987,1987,3,3
Robert Lyles,Texas Christian,2,1990,1991,27,25
Mitch Lyons,Michigan State,4,1993,1996,51,18
Ron Mabra,Howard,2,1975,1976,16,0
Alex Mack,California,5,2016,2020,78,78
Red Mack,Notre Dame,1,1966,1966,1,0
Doug Mackie,Ohio State,1,1987,1987,3,3
Terrence Magee,Louisiana State,1,2017,2017,2,0
Jesse Mahelona,Orange Coast JC; Tennessee,1,2007,2007,1,0
Rydell Malancon,Louisiana State,1,1984,1984,7,0
Josh Mallard,Georgia,2,2006,2007,17,1
John Mallory,West Virginia,3,1969,1971,41,26
Art Malone,Arizona State,5,1970,1974,64,50
DeAngelo Malone,Western Kentucky,3,2022,2024,49,0
Jim Mankins,Oklahoma; Hartnell JC; Florida State,1,1967,1967,11,0
Rosie Manning,Northeastern State,4,1972,1975,14,0
Stansly Maponga,Texas Christian,2,2013,2014,24,0
Frank Marchlewski,Minnesota,3,1966,1968,29,29
Greg Marderian,Southern California,1,1976,1976,1,0
Marcus Mariota,Oregon,1,2022,2022,13,13
Dean Marlowe,James Madison,1,2022,2022,8,1
Bud Marshall,Baylor; Stephen F. Austin State,1,1966,1966,6,0
Randy Marshall,Linfield,2,1970,1971,15,2
Whit Marshall,Georgia,1,1999,1999,15,0
Billy Martin,Georgia Tech,2,1966,1967,28,19
Charles Martin,Western Carolina; West Alabama,1,1988,1988,16,0
Tony Martin,Bishop; Colorado Mesa,2,1998,2001,27,25
Freddie Martino,North Greenville,1,2014,2014,1,0
Greg Marx,Notre Dame,1,1973,1973,14,0
Jonathan Massaquoi,Butler CC; Troy,3,2012,2014,39,7
Kevin Mathis,Texas A&M-Commerce,4,2002,2006,48,15
Terance Mathis,New Mexico,8,1994,2001,126,124
John Matlock,Miami (Florida),2,1970,1971,26,0
Allama Matthews,Vanderbilt,3,1983,1985,37,3
Aubrey Matthews,Gulf Coast JC; Delta State,3,1986,1988,20,6
Clay Matthews,Southern California,3,1994,1996,46,32
Cliff Matthews,South Carolina,4,2012,2016,35,0
Henry Matthews,Michigan State,1,1973,1973,3,0
Jake Matthews,Texas A&M,11,2014,2024,179,179
Andy Maurer,Oregon,4,1970,1973,56,48
Curtis Maxey,Grambling State,1,1989,1989,2,0
Brett Maxie,Texas Southern,1,1994,1994,4,2
James Mayberry,Colorado,3,1979,1981,48,1
Jalen Mayfield,Michigan,1,2021,2021,16,16
Tim Mazzetti,Pennsylvania,3,1978,1980,42,0
Joey Mbu,Houston,1,2015,2015,2,0
Tod McBride,UCLA,1,2003,2003,12,9
Gerald McBurrows,Kansas,5,1999,2003,74,32
Kevin McCadam,Colorado State; Grossmont JC; Virginia Tech,4,2002,2005,55,6
Brendan McCarthy,Boston College,1,1968,1968,7,7
Ron McCartney,Tennessee,3,1977,1979,45,0
Tom McCauley,Wisconsin,3,1969,1971,32,17
Dewey McClain,East Central,5,1976,1980,73,5
Robert McClain,Connecticut,3,2012,2014,47,15
Terrell McClain,South Florida,1,2018,2018,13,5
Jase McClellan,Alabama,1,2024,2024,2,0
Ray-Ray McCloud,Clemson,1,2024,2024,17,14
Todd McClure,Louisiana State,13,2000,2012,198,195
Quentin McCord,Kentucky,3,2001,2003,25,2
Luke McCown,Louisiana Tech,1,2012,2012,2,0
Fred McCrary,Mississippi State,3,2004,2006,33,2
Gregg McCrary,Clark Atlanta,2,1975,1977,26,2
Justin McCray,Central Florida,1,2020,2020,10,2
Liam McCullough,Ohio State,3,2022,2024,51,0
Pellom McDaniels,Oregon State,1,1999,1999,16,0
Gary McDermott,Tulsa,1,1969,1969,4,0
Tommy McDonald,Oklahoma,1,1967,1967,14,10
Paul McFadden,Youngstown State,1,1989,1989,9,0
Kaleb McGary,Washington,6,2019,2024,93,92
Molly McGee,Rhode Island,1,1974,1974,10,1
Lenny McGill,Arizona State,2,1996,1997,31,8
Reggie McGrew,Florida,1,2002,2002,2,0
Joe McIntosh,North Carolina State,1,1987,1987,2,0
Corey McIntyre,West Virginia,1,2007,2007,14,0
Secedrick McIntyre,Auburn,1,1977,1977,6,0
Takkarist McKinley,Contra Costa JC; UCLA,4,2017,2020,49,25
Phil McKinnely,UCLA,5,1976,1980,62,3
Tim McKyer,Texas-Arlington,3,1991,1996,40,38
Kim McQuilken,Lehigh,4,1974,1977,23,7
Steven Means,Buffalo,3,2018,2021,38,29
Carson Meier,Oklahoma,1,2019,2019,1,1
Kerry Meier,Kansas,1,2011,2011,12,0
Terrence Melton,Rice,1,2004,2004,1,0
Jeff Merrow,West Virginia,9,1975,1983,108,99
Eric Metcalf,Texas,2,1995,1996,32,26
Larry Mialik,Wisconsin,3,1972,1974,42,0
Rich Miano,Hawaii,1,1995,1995,11,0
Ron Middleton,Auburn,2,1986,1987,28,7
Nick Mike-Mayer,Temple,5,1973,1977,63,0
Russ Mikeska,Texas A&M,4,1979,1982,53,2
Hugh Millen,Santa Rosa JC; Washington,3,1988,1990,11,3
Brett Miller,Glendale CC; Iowa,6,1983,1988,68,36
Calvin Miller,Mississippi Gulf Coast CC; Oklahoma State,1,1980,1980,2,0
Chris Miller,Oregon,7,1987,1993,69,66
Jim Miller,Iowa,3,1971,1974,30,11
Jordan Miller,Washington,2,2019,2020,11,0
Junior Miller,Nebraska,4,1980,1983,56,45
Nate Miller,Louisiana State,1,1997,1997,13,0
Scott Miller,Bowling Green State,1,2023,2023,17,0
James Milling,Maryland,3,1988,1992,24,0
Lawyer Milloy,Washington,3,2006,2008,47,46
Martrez Milner,Georgia,1,2007,2007,8,2
David Mims,Baylor,2,1993,1994,17,4
Brian Mitchell,Brigham Young,3,1991,1993,36,0
Charles Mitchell,Mississippi State,1,2012,2012,10,0
Jim Mitchell,Prairie View A&M,11,1969,1979,155,155
Ken Mitchell,Nevada-Las Vegas,2,1973,1974,28,0
Leonard Mitchell,Houston,1,1987,1987,12,12
Roland Mitchell,Texas Tech,1,1990,1990,13,0
Tony Moeaki,Iowa,1,2015,2015,11,0
Jovante Moffatt,Middle Tennessee State,1,2022,2022,3,0
Chris Mohr,Alabama,4,2001,2004,64,0
Rod Monroe,McLennan CC; Cincinnati,1,1999,1999,2,0
Alton Montgomery,Northwest Mississippi CC; Houston,3,1993,1995,25,1
Marv Montgomery,Los Angeles Valley JC; Southern California,1,1978,1978,1,0
Darnell Mooney,Tulane,1,2024,2024,16,16
Buddy Moor,Eastern Kentucky,1,1987,1987,3,1
Ken Moore,Northern Illinois,1,1978,1978,6,0
Michael Moore,Alabama; Troy,2,2003,2004,3,1
Robert Moore,Northwestern State (Louisiana),4,1986,1989,60,43
Ron Moore,Hinds CC; Northwestern Oklahoma State,1,2001,2001,1,0
Tom Moore,Vanderbilt,1,1967,1967,10,7
William Moore,Missouri,7,2009,2015,76,72
Kindal Moorehead,Alabama,1,2008,2008,14,1
Fabian Moreau,UCLA,1,2021,2021,16,16
Dwayne Morgan,Northeastern Oklahoma A&M JC; Clemson,1,2003,2003,5,0
Tom Moriarty,Bowling Green State,4,1977,1981,53,0
Mike Moroski,UC Davis,6,1979,1984,49,7
Dwaine Morris,Southeastern Louisiana,1,1987,1987,3,2
Larry Morris,Georgia Tech,1,1966,1966,12,0
Thomas Morstead,Southern Methodist,1,2021,2021,7,0
Christian Morton,Illinois,2,2004,2005,6,1
Gary Moss,Georgia,1,1987,1987,3,3
Zeke Motta,Notre Dame,1,2013,2013,10,1
Mark Mraz,Utah State,1,1987,1987,11,0
Ovie Mughelli,Wake Forest,5,2007,2011,69,38
Neal Musser,Lees-McRae JC; North Carolina State,2,1981,1982,15,0
Browning Nagle,West Virginia; Louisville,1,1996,1996,5,0
Keanu Neal,Florida,5,2016,2020,49,48
Louis Neal,Prairie View A&M,2,1973,1974,15,5
Ryan Neal,Southern Illinois,1,2018,2018,1,0
Sharrod Neasman,Florida Atlantic,5,2016,2020,57,0
Dallas Neil,Montana,1,2000,2000,6,0
Corey Nelson,Oklahoma,1,2018,2018,1,0
Ryan Neuzil,Appalachian State,3,2022,2024,43,10
Keith Newman,North Carolina,1,2003,2003,12,10
Cam Newton,Furman,2,2005,2006,9,0
Stephen Nicholas,South Florida,7,2007,2013,101,50
Cameron Nizialek,Columbia; Georgia,1,2021,2021,4,0
Tommy Nobis,Texas,11,1966,1976,133,132
Terry Nofsinger,Utah,1,1967,1967,7,1
Jerome Norris,Furman,1,1987,1987,3,0
Jim Norton,Washington,2,1967,1968,21,18
Storm Norton,Toledo,2,2023,2024,31,4
Jerious Norwood,Mississippi State,5,2006,2010,57,6
Ralph Norwood,Louisiana State,1,1989,1989,11,1
Nate Odomes,Wisconsin,1,1996,1996,7,4
Ray Ogden,Alabama,2,1967,1968,25,21
Adetokunbo Ogundeji,Notre Dame,2,2021,2022,33,28
Quinn Ojinnaka,Syracuse,4,2006,2009,39,12
Jeff Okudah,Ohio State,1,2023,2023,14,9
Deji Olatoye,Colorado; North Carolina A&T State,2,2016,2017,7,0
Darryl Oliver,Miami (Florida),1,1987,1987,2,0
Isaiah Oliver,Colorado,5,2018,2022,62,38
Winslow Oliver,New Mexico,2,1999,2000,26,0
Qadree Ollison,Pittsburgh,3,2019,2021,19,0
Foye Oluokun,Yale,4,2018,2021,64,41
Frank Omiyale,Tennessee Tech,1,2006,2006,1,0
David Onyemata,Manitoba,2,2023,2024,31,30
Ruke Orhorhoro,Clemson,1,2024,2024,8,0
Ralph Ortega,Florida,4,1975,1978,57,19
Ricky Ortiz,Oregon State,1,2018,2018,12,9
Paul Oswald,Kansas,1,1988,1988,3,1
Jeff Overbaugh,San Diego State,1,2018,2018,1,0
Will Overstreet,Tennessee,2,2002,2003,6,2
Chris Owens,San Jose State,4,2009,2012,59,12
Dan Owens,Southern California,2,1996,1997,31,24
Ken Oxendine,Virginia Tech,2,1998,1999,21,9
Jeff Pahukoa,Washington,2,1995,1996,20,5
Dick Palmer,Kentucky,1,1974,1974,14,0
Michael Palmer,Clemson,3,2010,2012,43,5
Bear Pascoe,Fresno State,1,2014,2014,16,2
Austin Pasztor,Virginia,1,2017,2017,7,0
Greg Paterra,Hartford (Maryland) JC; Slippery Rock,1,1989,1989,10,0
Jerome Pathon,Acadia; Washington,1,2005,2005,9,0
Cordarrelle Patterson,North Carolina Tech; Hutchinson CC; Tennessee,3,2021,2023,43,24
Riley Patterson,Memphis,1,2024,2024,3,0
Ricky Patton,Ferris State; Jackson State,2,1978,1979,20,1
Jeff Paulk,Arizona State,1,1999,1999,1,0
Logan Paulsen,UCLA,1,2018,2018,15,10
Dennis Pearson,Washington State; San Diego State,2,1978,1979,29,0
Jared Peck,North Dakota State,1,2004,2004,1,0
Justin Peelle,Oregon,3,2008,2010,44,27
Erric Pegram,North Texas,4,1991,1994,61,27
Joe Pellegrini,Harvard,3,1984,1986,28,6
Michael Penix,Indiana; Washington,1,2024,2024,5,3
Mike Pennel,Scottsdale CC; Arizona State; Colorado State-Pueblo,1,2021,2021,10,0
Terrance Pennington,New Mexico,1,2007,2007,5,0
Robert Pennywell,Grambling State,4,1977,1980,61,42
Charlie Peprah,Alabama,1,2009,2009,2,0
Josh Perkins,Washington,1,2016,2016,8,1
Mike Perko,Gonzaga; Foothill JC; Utah State,1,1982,1982,9,2
Mike Person,Montana State,1,2015,2015,14,14
Wally Pesuit,Kentucky,1,1976,1976,1,0
Corey Peters,Kentucky,5,2010,2014,71,55
Mike Peterson,Florida,4,2009,2012,63,36
Todd Peterson,Navy; Georgia,1,2005,2005,16,0
Anthony Phillips,Trinity Valley CC; Texas A&M-Kingsville,3,1994,1996,18,9
Clark Phillips,Utah,2,2023,2024,27,7
Jason Phillips,Taft JC; Houston,3,1991,1993,28,0
Ray Phillips,North Carolina State,1,1986,1986,1,0
Mareno Philyaw,Troy,1,2000,2000,1,0
Bruce Pickens,Coffeyville CC; Nebraska,3,1991,1993,27,8
Evan Pilgrim,Brigham Young,2,1999,2000,10,2
Lawrence Pillers,Alcorn State,1,1985,1985,9,0
Bradley Pinion,Clemson,3,2022,2024,51,0
Cleveland Pinkney,Copiah-Lincoln CC; South Carolina,1,2004,2004,3,0
Artose Pinner,Kentucky,1,2007,2007,7,0
Scott Piper,Arizona,1,1976,1976,13,0
Bryan Pittman,Walla Walla CC; Washington,1,2009,2009,4,0
Kyle Pitts,Florida,4,2021,2024,61,56
Mike Pitts,Alabama,4,1983,1986,62,33
Anthony Pleasant,Tennessee State,1,1997,1997,11,0
Reggie Pleasant,Clemson,1,1985,1985,3,0
Tony Plummer,San Mateo JC; Pacific,3,1971,1973,35,1
Ray Poage,Texas,1,1971,1971,4,1
Dontari Poe,Memphis,1,2017,2017,16,16
Lousaka Polite,Pittsburgh,1,2012,2012,6,5
Marcus Pollard,Seward County CC; Bradley,1,2008,2008,1,0
Tyler Polumbus,Colorado,1,2015,2015,3,0
Brian Poole,Florida,3,2016,2018,47,21
Shelley Poole,Temple,1,1987,1987,1,0
Jose Portilla,Ricks JC; Arizona,2,1998,1999,20,0
Brandon Powell,Florida,1,2020,2020,15,1
Carlton Powell,Virginia Tech,1,2011,2011,3,0
Matt Prater,Central Florida,1,2007,2007,2,0
Roell Preston,Northwest Mississippi CC; Mississippi,2,1995,1996,29,2
Art Price,Wisconsin,1,1987,1987,3,0
Peerless Price,Tennessee,2,2003,2004,32,30
Tom Pridemore,West Virginia,8,1978,1985,121,97
James Primus,UCLA,2,1988,1989,21,6
Isaiah Prince,Ohio State,1,2023,2023,2,0
Mike Pringle,Washington State; Fullerton State,1,1990,1990,3,0
Mike Pritchard,Colorado,3,1991,1993,47,40
Billy Pritchett,West Texas A&M,2,1976,1977,15,1
Stanley Pritchett,South Carolina,1,2004,2004,14,2
Wes Pritchett,Notre Dame,1,1991,1991,3,0
Joe Profit,Louisiana-Monroe,3,1971,1973,15,3
Andrew Provence,South Carolina,5,1983,1987,69,16
Etric Pruitt,Southern Mississippi,1,2004,2004,3,0
MyCole Pruitt,Southern Illinois,2,2022,2023,30,12
Greg Quick,Catawba,1,1987,1987,1,0
Derek Rackley,Minnesota,6,2000,2005,96,1
John Rade,Northern Arizona; Modesto JC; Boise State,9,1983,1991,122,113
Jason Rader,Georgia; Marshall,1,2008,2008,6,1
Wayne Radloff,Georgia,5,1985,1989,64,42
Nick Rassas,Notre Dame,3,1966,1968,27,10
Eddie Ray,Louisiana State,3,1972,1974,32,8
Terry Ray,Oklahoma,1,1992,1992,10,2
Ken Reaves,Norfolk State,8,1966,1973,112,97
Ron Rector,Northwestern,2,1966,1967,14,2
Reggie Redding,Laney JC; Fullerton State,1,1991,1991,13,0
Kasey Redfern,Wofford,1,2019,2019,3,0
Chris Redman,Louisville,4,2007,2011,20,6
Anthony Redmon,Auburn,1,2000,2000,4,4
Rudy Redmond,Riverside CC; Pacific,3,1969,1971,36,30
Brooks Reed,Arizona,4,2015,2018,60,34
Frank Reed,Washington,5,1976,1980,71,51
Oscar Reed,Colorado State,1,1975,1975,7,0
Guy Reese,Southern Methodist,1,1966,1966,2,2
Ike Reese,Michigan State,2,2005,2006,32,0
Michael Reid,Wisconsin,6,1987,1992,67,11
Sean Renfree,Duke,1,2015,2015,2,0
Garrett Reynolds,North Carolina,4,2009,2013,42,23
LaRoy Reynolds,Virginia,3,2016,2020,41,3
Bobby Richards,Louisiana State,2,1966,1967,28,19
Dave Richards,Southern Methodist; UCLA,3,1994,1996,35,33
Jordan Richards,Stanford,1,2018,2018,15,12
Al Richardson,Georgia Tech,6,1980,1985,77,70
Jerry Richardson,West Texas A&M,2,1966,1967,27,18
Desmond Ridder,Cincinnati,2,2022,2023,19,17
Louis Riddick,Pittsburgh,2,1992,1996,32,5
Preston Ridlehuber,Georgia,1,1966,1966,3,0
Calvin Ridley,Alabama,4,2018,2021,49,35
Stevan Ridley,Louisiana State,1,2016,2016,1,0
Bob Riggle,Penn State,2,1966,1967,25,25
Gerald Riggs,Arizona State,7,1982,1988,91,66
Duke Riley,Louisiana State,3,2017,2019,32,16
Karon Riley,Southern Methodist; Minnesota,3,2002,2004,20,0
Andre Rison,Michigan State,5,1990,1994,78,73
Jim Ritcher,North Carolina State,2,1994,1995,15,0
Constantin Ritzmann,Tennessee,1,2005,2005,1,0
Ron Rivers,Fresno State,1,2000,2000,6,0
Andre Roberts,The Citadel,1,2017,2017,16,0
Gary Roberts,Purdue,1,1970,1970,11,6
George Roberts,Virginia Tech,1,1982,1982,3,0
Guy Roberts,Maryland,1,1976,1976,14,3
Jamal Robertson,Ohio Northern,1,2006,2006,1,0
Travian Robertson,South Carolina,2,2012,2013,12,0
Aldrick Robinson,Southern Methodist,1,2016,2016,16,1
Bijan Robinson,Texas,2,2023,2024,34,33
Bo Robinson,West Texas A&M,3,1981,1983,36,9
Don Robinson,Baylor,1,1987,1987,2,0
Dunta Robinson,South Carolina,3,2010,2012,47,47
Edmond Robinson,Newberry,1,2020,2020,13,0
Eugene Robinson,Colgate,2,1998,1999,32,32
Laurent Robinson,Illinois State,2,2007,2008,21,6
Terrence Robinson,Oklahoma State,1,2003,2003,1,0
Travaris Robinson,Auburn,1,2003,2003,5,1
Brian Robiskie,Ohio State,1,2013,2013,1,0
Tommy Robison,Texas A&M,1,1989,1989,9,4
Courtney Roby,Indiana,1,2014,2014,4,0
Jacquizz Rodgers,Oregon State,4,2011,2014,63,5
Doug Rogers,Stanford,2,1982,1983,11,0
Sam Rogers,West Hills CC; West Los Angeles JC; Colorado,2,2002,2003,17,15
Brett Romberg,Miami (Florida),2,2009,2011,11,0
Josh Rosen,UCLA,1,2021,2021,4,0
Derek Ross,Ohio State,1,2003,2003,2,1
Kevin Ross,Temple,2,1994,1995,32,31
Allen Rossum,Notre Dame,5,2002,2006,72,7
Chris Rowland,Tennessee State,1,2020,2020,2,0
Rickey Royal,Sam Houston State,1,1990,1990,1,0
Mike Rozier,Coffeyville CC; Nebraska,2,1990,1991,24,5
Ahtyba Rubin,Trinity Valley CC; Iowa State,1,2017,2017,10,0
Karl Rubke,Santa Rosa JC; Southern California,2,1966,1967,22,17
Mike Ruether,Texas,4,1990,1993,64,6
Anthony Rush,Northeast Mississippi CC; Alabama-Birmingham,2,2021,2022,14,10
Marion Rushing,Southern Illinois,3,1966,1968,35,35
Carl Russ,Michigan,1,1975,1975,14,0
Twan Russell,Miami (Florida),1,2003,2003,16,0
Matt Ryan,Boston College,14,2008,2021,222,222
Billy Ryckman,Louisiana Tech,3,1977,1979,44,15
Paul Ryczek,Virginia,6,1974,1979,88,4
Bill Sabatino,Colorado,1,1969,1969,6,3
Troy Sadowski,Georgia,1,1990,1990,13,1
Pat Saindon,Vanderbilt,1,1987,1987,3,3
Ephraim Salaam,San Diego State,4,1998,2001,60,55
Ty Sambrailo,Colorado State,3,2017,2019,44,6
Asante Samuel,Central Florida,2,2012,2013,26,15
Bill Sandeman,Stockton JC; Pacific,7,1967,1973,74,57
Bob Sanders,Tyler JC; North Texas,1,1967,1967,9,0
Darnell Sanders,Ohio State,1,2004,2004,2,0
Deion Sanders,Florida State,5,1989,1993,70,63
Eric Sanders,Nevada-Reno,6,1981,1986,74,18
James Sanders,Fresno State,1,2011,2011,15,6
Lewis Sanders,Maryland,1,2007,2007,14,6
Ricky Sanders,Texas State,2,1994,1995,17,13
O.J. Santiago,Kent State,3,1997,1999,41,41
Mohamed Sanu,Rutgers,4,2016,2019,53,52
Eric Saubert,Drake,2,2017,2018,30,1
Craig Sauer,Minnesota,4,1996,1999,64,11
Josh Savage,Utah,1,2005,2005,1,0
Brian Saxton,Boston College,1,1997,1997,3,0
Charlie Scales,Indiana,1,1966,1966,5,0
Matt Schaub,Virginia,7,2004,2020,52,3
Shann Schillinger,Montana,3,2010,2013,36,0
Roy Schmidt,Ventura JC; Long Beach State,1,1969,1969,9,3
Mike Schneck,Wisconsin,3,2007,2009,35,0
O'Brien Schofield,Wisconsin,2,2015,2016,18,10
Turk Schonert,Stanford,1,1986,1986,8,5
Ryan Schraeder,Butler CC; Valdosta State,6,2013,2018,88,73
Adam Schreiber,Texas,3,1997,1999,35,0
Lance Schulters,Nassau CC; Hofstra,1,2006,2006,7,1
Wes Schweitzer,San Jose State,3,2017,2019,46,36
Bryan Scott,Penn State,3,2003,2005,47,35
Dave Scott,Kansas,7,1976,1982,98,76
Freddie Scott,Penn State,2,1996,1997,12,0
Jonathan Scott,Texas,1,2014,2014,1,0
John Scully,Notre Dame,9,1981,1990,112,82
Virgil Seay,East Mississippi CC; Troy,1,1984,1984,3,0
Deadrin Senat,South Florida,3,2018,2020,22,2
John Settle,Appalachian State,4,1987,1990,46,29
Siddeeq Shabazz,New Mexico State,2,2003,2004,22,0
Kevin Shaffer,Tulsa,4,2002,2005,53,39
Dan Sharp,Ranger JC; Texas Christian,1,1987,1987,9,0
Tajae Sharpe,Massachusetts,1,2021,2021,15,7
Jerry Shay,Purdue,2,1968,1969,28,28
Larry Shears,Lincoln (Missouri),2,1971,1972,10,1
Kendall Sheffield,Alabama; Blinn JC; Ohio State,3,2019,2021,39,20
Derrick Shelby,Utah,3,2016,2018,29,21
Elbert Shelley,Arkansas State,10,1987,1996,119,0
Chris Shelling,Auburn,1,1997,1997,2,0
Prince Shembo,Notre Dame,1,2014,2014,16,3
Bob Sherlag,Memphis,1,1966,1966,9,2
James Shibest,Arkansas,1,1987,1987,1,1
Dick Shiner,Maryland,2,1971,1973,14,8
Wes Shivers,Hinds CC; Mississippi State,1,2000,2000,3,0
Darrell Shropshire,Coffeyville CC; South Carolina,2,2005,2006,23,1
Mickey Shuler,Penn State,1,2015,2015,1,0
Lawrence Sidbury,Richmond,4,2009,2012,48,0
Jimmy Sidle,Auburn,1,1966,1966,6,0
Chuck Sieminski,Penn State,2,1966,1967,28,25
Carl Silvestri,Wisconsin,1,1966,1966,3,0
Jerry Simmons,Bethune-Cookman,3,1967,1969,28,23
Justin Simmons,Boston College,1,2024,2024,16,16
Jim Simon,Miami (Florida),3,1966,1968,41,27
Mark Simoneau,Kansas State,3,2000,2002,45,9
Joe Sims,Nebraska,1,1991,1991,6,0
Steve Sloan,Alabama,2,1966,1967,8,1
Gerald Small,San Jose State,1,1984,1984,16,1
John Small,The Citadel,3,1970,1972,33,18
Dave Smigelsky,Virginia Tech,1,1982,1982,6,0
Andre Smith,North Carolina,1,2023,2023,11,1
Antone Smith,Florida State,5,2010,2014,59,0
Brady Smith,Colorado State,6,2000,2005,81,78
Chuck Smith,Northeastern Oklahoma A&M JC; Tennessee,8,1992,1999,123,87
Don Smith,Miami (Florida),6,1979,1984,87,78
Ed Smith,none,2,1997,1998,20,1
Ito Smith,Southern Mississippi,3,2018,2020,35,0
Jerome Smith,Syracuse,1,2014,2014,1,0
Jonnu Smith,Florida International,1,2023,2023,17,6
Keith Smith,San Jose State,5,2019,2023,79,31
Lee Smith,Marshall,1,2021,2021,16,6
Maurice Smith,North Carolina A&T State,3,2000,2002,28,12
Mike Smith,Grambling State,1,1980,1980,5,0
Ralph Smith,Mississippi,1,1969,1969,14,0
Reggie Smith,North Carolina Central,2,1980,1981,23,0
Ron Smith,Wisconsin,2,1966,1967,27,20
Royce Smith,Georgia,3,1974,1976,38,9
Struggy Smith,Appalachian State,1,1987,1987,2,0
Tony Smith,Southern Mississippi,3,1992,1994,33,6
Vinson Smith,East Carolina,1,1988,1988,3,0
James Smith-Williams,North Carolina State,1,2024,2024,10,5
Jason Snelling,Virginia,7,2007,2013,96,6
Malcolm Snider,Stanford,3,1969,1971,41,39
Todd Snyder,Ohio University,3,1970,1972,30,10
Phil Sobocinski,Wisconsin,1,1968,1968,7,6
Paul Soliai,Coffeyville CC; Utah,2,2014,2015,29,24
Jesse Solomon,North Florida JC; Florida State,2,1992,1993,32,30
Dezmen Southward,Wisconsin,2,2014,2015,19,0
Darryl Spencer,Miami (Florida),2,1994,1995,13,1
Herbie Spencer,Newberry,1,1987,1987,3,2
Phil Spiller,Orange Coast JC; Los Angeles State,1,1968,1968,7,7
Andy Spiva,Tennessee,1,1977,1977,13,0
Mike Spivey,Colorado,1,1982,1982,8,0
Jason Spriggs,Indiana,1,2021,2021,15,0
Sylvester Stamps,Jackson State,5,1984,1988,37,1
Haskel Stanback,Tennessee,6,1974,1979,83,52
Jeff Stanciel,Mississippi Valley State,1,1969,1969,2,0
Montavious Stanley,Louisville,1,2007,2007,14,6
John Starnes,North Texas,1,1987,1987,1,0
Tyler Starr,South Dakota,1,2015,2015,1,0
Aaron Stecker,Wisconsin; Western Illinois,1,2009,2009,9,0
Fred Steinfort,Boston College,2,1977,1978,13,0
Alex Stepanovich,Ohio State,1,2008,2008,4,0
Matt Stewart,Vanderbilt,4,2001,2004,63,44
Steve Stewart,Minnesota,1,1978,1978,12,0
Jim Stienke,Texas State,1,1978,1978,5,0
Bryan Still,Virginia Tech,1,1999,1999,3,1
Luke Stocker,Tennessee,2,2019,2020,31,22
Barry Stokes,Eastern Michigan,1,2005,2005,16,1
Daren Stone,Maine,1,2007,2007,12,0
James Stone,Tennessee,2,2014,2015,19,10
Art Strahan,Texas Southern,1,1968,1968,5,0
Kentavius Street,North Carolina State,2,2023,2024,18,5
Ray Strong,Contra Costa JC; Nevada-Las Vegas,5,1978,1982,61,1
Dan Stryzinski,Indiana,6,1995,2000,96,0
Mark Studaway,Tennessee,1,1987,1987,2,2
Nate Stupar,Penn State,2,2014,2015,31,3
Boone Stutz,Alabama; Texas A&M,2,2006,2007,20,0
Lorenzo Styles,Ohio State,2,1995,1996,28,0
Larry Suchy,Jones County JC; Mississippi College,1,1968,1968,1,1
Jim Sullivan,Lincoln (Missouri),1,1970,1970,7,0
Pat Sullivan,Auburn,4,1972,1975,30,4
Eddie Sutter,Northwestern,1,1997,1997,16,0
Will Svitek,Stanford,3,2009,2011,45,12
Shawn Swayda,Arizona State,4,1998,2001,35,0
Stan Sytsma,Minnesota,1,1980,1980,2,0
Joe Szczecko,Northwestern,3,1966,1968,35,11
Don Talbert,Texas,3,1966,1968,38,36
Ben Talley,Tennessee,1,1998,1998,8,0
Darryl Talley,West Virginia,1,1995,1995,16,15
Jacob Tamme,Kentucky,2,2015,2016,23,13
Keith Tandy,West Virginia,1,2018,2018,6,0
Rodney Tate,Texas,1,1984,1984,7,0
Pita Taumoepenu,Utah,1,2020,2020,1,0
Giorgio Tavecchio,California,1,2018,2018,3,0
Henry Taylor,South Carolina,1,2000,2000,5,0
Jamar Taylor,Boise State,1,2019,2019,3,0
Johnny Taylor,Wenatchee Valley JC; Hawaii,3,1984,1986,22,7
Lenny Taylor,Tennessee,1,1987,1987,3,2
Malcolm Taylor,Tennessee State,1,1989,1989,13,0
Terry Taylor,Southern Illinois,1,1995,1995,16,4
Tony Taylor,Georgia,1,2007,2007,16,0
Matthew Teague,Prairie View A&M,1,1981,1981,11,0
Garth Ten Napel,Texas A&M,1,1978,1978,1,0
A.J. Terrell,Clemson,5,2020,2024,79,79
Galand Thaxton,Wyoming,1,1989,1989,16,0
Robenson Therezie,Auburn,2,2015,2016,25,2
Keith Thibodeaux,Northwestern State (Louisiana),1,1999,1999,8,0
R.C. Thielemann,Arkansas,8,1977,1984,114,114
John Thierry,Alcorn State,1,2002,2002,14,4
Ahmad Thomas,Oklahoma,1,2019,2019,1,0
Ben Thomas,Auburn,1,1989,1989,16,13
Chuck Thomas,Oklahoma,1,1985,1985,4,0
George Thomas,Nevada-Las Vegas,4,1989,1992,46,9
Rodney Thomas,Texas A&M,1,2001,2001,12,0
Sean Thomas,Sacramento CC; Texas Christian,1,1985,1985,6,0
Leon Thomasson,Texas Southern,1,1987,1987,3,2
Michael Thompson,Tennessee State,3,2000,2002,12,4
Woody Thompson,Miami (Florida),3,1975,1977,35,13
Nick Thurman,Houston,1,2021,2021,1,0
D.J. Tialavea,Utah State,1,2016,2016,2,0
Mike Tilleman,Montana,4,1973,1976,53,53
Gerald Tinker,Memphis; Kent State,2,1974,1975,20,0
Kenny Tippins,Middle Tennessee State,6,1990,1995,94,33
Robbie Tobeck,Kilgore JC; Washington State,6,1994,1999,84,78
Levine Toilolo,Stanford,5,2013,2017,79,57
Tommy Tolleson,Alabama,1,1966,1966,8,0
Billy Joe Tolliver,Texas Tech,4,1991,1997,29,10
Leigh Torrence,Stanford,1,2005,2005,10,0
Austin Trammell,Rice,1,2021,2021,2,0
Wade Traynham,Frederick,2,1966,1967,16,0
Laquon Treadwell,Mississippi,1,2020,2020,5,0
Ahmad Treaudo,Delta State; Southern University,1,2005,2005,1,0
Jordie Tripp,Montana,1,2017,2017,3,0
Jeremy Trueblood,Boston College,1,2013,2013,15,10
Desmond Trufant,Washington,7,2013,2019,97,97
Esera Tuaolo,Oregon State,1,1998,1998,13,1
Jessie Tuggle,Valdosta State,14,1987,2000,209,189
Jacob Tuioti-Mariner,UCLA,3,2019,2021,30,1
Tani Tupou,Washington,1,2017,2017,1,0
Nick Turnbull,Florida International,1,2006,2006,2,0
Jimmy Turner,UCLA,2,1986,1987,8,0
Michael Turner,Northern Illinois,5,2008,2012,75,73
Tom Tutson,South Carolina State,1,1983,1983,10,0
Perry Tuttle,Clemson,1,1984,1984,5,0
Scott Tyner,Trinity Valley CC; Oklahoma State,1,1994,1994,6,0
Tim Tyrrell,Harper JC; Northern Illinois,3,1984,1986,30,0
Artie Ulmer,Georgia Southern; Valdosta State,5,2001,2005,71,0
Osi Umenyiora,Troy,2,2013,2014,32,13
Courtney Upshaw,Alabama,2,2016,2017,26,5
Jeff Van Note,Kentucky,18,1969,1986,246,226
Jeff Van Raaphorst,Arizona State,1,1987,1987,2,1
Josh Vaughan,Richmond,1,2013,2013,6,0
Darrick Vaughn,Texas State,2,2000,2001,32,0
Khaleed Vaughn,Clemson,1,2004,2004,3,0
James Vaughters,Stanford,1,2021,2021,10,0
Demetrin Veal,Cerritos JC; Tennessee,1,2003,2003,3,0
Joe Vellano,Maryland,1,2017,2017,4,0
Clarence Verdin,Louisiana-Lafayette,1,1994,1994,12,0
Michael Vick,Virginia Tech,6,2001,2006,74,67
Kenny Vinyard,Texas Tech,1,1970,1970,14,0
Tyler Vrabel,Boston College,1,2023,2023,3,0
Harmon Wages,Florida,5,1968,1973,60,25
Danny Wagoner,Kansas,1,1985,1985,14,0
Chuck Walker,Duke,4,1972,1975,47,10
Cleo Walker,Louisville,1,1971,1971,11,0
Darnell Walker,Coffeyville CC; Oklahoma,4,1993,1996,62,29
Mykal Walker,Azusa Pacific; Fresno State,3,2020,2022,49,20
Vance Walker,Georgia Tech,4,2009,2012,58,11
Darrin Walls,Notre Dame,1,2011,2011,5,0
Terron Ward,Oregon State,3,2015,2017,32,0
Lonnie Warwick,Tennessee; Tennessee Tech,2,1973,1974,28,0
Carlos Washington,New Hampshire; Southeastern Louisiana,1,2024,2024,3,0
Casey Washington,Illinois,1,2024,2024,8,0
Charles Washington,Texas; Cameron,3,1992,1994,36,1
Joe Washington,Kennedy-King JC; Illinois State,1,1973,1973,9,0
Joe Washington,Oklahoma,1,1985,1985,16,0
John Washington,Oklahoma State,1,1992,1992,3,0
Ronnie Washington,Louisiana-Monroe,1,1985,1985,16,1
Jim Waskiewicz,Wichita State,1,1969,1969,12,1
Fred Weary,Florida,1,2002,2002,16,0
Jim Weatherford,Tennessee,1,1969,1969,14,10
Jim Weatherly,Mount San Antonio JC,1,1976,1976,3,0
Sean Weatherspoon,Missouri,6,2010,2017,53,44
Emanuel Weaver,Arizona Western JC; South Carolina State,1,1987,1987,2,2
Jason Webster,Texas A&M,3,2004,2006,33,29
Eric Weems,Bethune-Cookman,8,2007,2016,103,6
Todd Weiner,Kansas State,7,2002,2008,103,96
Ed West,Auburn,1,1997,1997,12,3
John Wetzel,Boston College,2,2019,2020,6,0
Philip Wheeler,Georgia Tech,2,2015,2016,25,6
Ernie Wheelwright,Southern Illinois,2,1966,1967,17,17
Ken Whisenhunt,Georgia Tech,4,1985,1988,55,36
Chris White,Nevada-Las Vegas; Southern University,1,2000,2000,5,0
Dez White,Georgia Tech,2,2004,2005,22,18
D.J. White,Georgia Tech,1,2019,2019,1,0
Lyman White,Louisiana State,2,1981,1982,18,1
Roddy White,Alabama-Birmingham,11,2005,2015,171,149
William White,Ohio State,2,1997,1998,32,32
Bob Whitfield,Stanford,12,1992,2003,178,167
Bob Whitlow,Compton JC; Arizona,1,1966,1966,11,0
Dave Widell,Boston College,1,1998,1998,1,0
Eric Wiegand,Missouri S&T,1,1987,1987,2,0
Matt Wile,Michigan,2,2016,2019,3,0
Chuck Wiley,Louisiana State,2,2000,2001,32,1
Ben Wilkerson,Louisiana State,2,2007,2008,29,0
Reggie Wilkes,Georgia Tech,2,1986,1987,22,21
Gary Wilkins,Georgia Tech,4,1988,1991,48,17
Marcus Wilkins,Texas,1,2007,2007,15,0
Elijah Wilkinson,Massachusetts,2,2022,2024,11,9
Avery Williams,Boise State,3,2021,2024,49,3
Brian Williams,North Carolina State,2,2009,2010,21,6
Damien Williams,Arizona Western JC; Oklahoma,1,2022,2022,1,1
Demorrio Williams,Kilgore JC; Nebraska,4,2004,2007,64,43
Elijah Williams,Florida,4,1998,2001,50,6
Gene Williams,Iowa State,5,1995,1999,68,42
Jimmy Williams,Virginia Tech,2,2006,2007,27,7
Joel Williams,Peru State; Wisconsin-La Crosse,8,1979,1989,98,70
Keith Williams,Missouri State,1,1986,1986,12,0
Mike Williams,Northeast Mississippi CC; Mississippi College,1,1987,1987,3,1
Nick Williams,Connecticut,3,2015,2017,17,0
Richard Williams,Memphis,2,1983,1984,15,0
Sam Williams,Michigan State,2,1966,1967,28,27
Shawn Williams,Georgia,1,2021,2021,7,2
Travis Williams,Auburn,1,2007,2007,6,0
Tyrone Williams,Nebraska,1,2003,2003,6,6
Chris Williamson,Florida; Minnesota,1,2021,2021,5,1
Matt Willig,Southern California,2,1996,1997,28,13
Mitch Willis,Southern Methodist,1,1988,1988,9,0
Brenard Wilson,Vanderbilt,1,1987,1987,8,1
Jim Wilson,Georgia,1,1967,1967,7,0
Josh Wilson,Maryland,1,2014,2014,16,4
Wade Wilson,Texas A&M-Commerce,1,1992,1992,9,3
Marcus Wimberly,Miami (Florida),1,1997,1997,6,0
Bill Windauer,Iowa,1,1976,1976,3,0
Leonard Wingate,South Carolina State,1,1987,1987,1,1
Randy Winkler,Tarleton State,1,1968,1968,12,4
Coy Wire,Stanford,3,2008,2010,47,5
Charlie Woerner,Georgia,1,2024,2024,17,5
Scott Woerner,Georgia,1,1981,1981,16,0
Bill Wolski,Notre Dame,1,1966,1966,2,0
Bo Wood,North Carolina,1,1967,1967,14,0
Dennis Woodberry,Southern Arkansas,1,1986,1986,7,0
Josh Woods,Maryland,1,2024,2024,3,0
Logan Woodside,Toledo,2,2022,2023,3,0
Paul Worrilow,Coffeyville CC; Delaware,4,2013,2016,59,44
Blidi Wreh-Wilson,Connecticut,5,2016,2020,42,3
Jason Wright,Northwestern,1,2004,2004,2,0
Jim Wright,Blinn JC; Texas Christian,1,1978,1978,15,0
John Wright,Illinois,1,1968,1968,5,0
Nate Wright,Monterey Peninsula JC; San Diego State,1,1969,1969,3,2
George Yarno,Washington State,1,1988,1988,16,5
T.J. Yates,North Carolina,1,2014,2014,1,0
Jeff Yeates,Boston College,9,1976,1984,112,82
Ben Young,Texas-Arlington,1,1983,1983,11,6
Mitch Young,Northwest Mississippi CC; Arkansas State,1,1987,1987,1,0
Kevin Youngblood,Clemson,1,2006,2006,1,0
Olamide Zaccheaus,Virginia,4,2019,2022,55,23
Tony Zackery,Washington,1,1989,1989,1,0
Mike Zandofsky,Washington,3,1994,1996,42,42
Mike Zele,Kent State,5,1979,1983,52,8
Joe Zelenka,Wake Forest,3,2009,2011,37,0
Tony Zendejas,Nevada-Reno,1,1995,1995,1,0
Jeff Zgonina,Purdue,1,1996,1996,8,0
Justin Zimmer,Ferris State,1,2018,2018,1,0
Geno Zimmerlink,Virginia,1,1987,1987,3,1
Keith Zinger,Louisiana State,1,2009,2009,15,2
John Zook,Kansas,7,1969,1975,98,98
